date,location,aqi,pm25,pm10,no2,so2,co,temperature,humidity,wind_speed,rainfall,visibility,month,day_of_week,is_weekend,risk_level
2022-01-01,ITO,377.0,213.8,343.3,66.0,29.2,5.31,17.8,43.0,5.6,0.0,5.1,1,5,1,2
2022-01-02,Anand Vihar,150.0,90.7,104.6,23.6,9.0,1.45,3.3,40.6,5.8,7.7,8.3,1,6,1,1
2022-01-03,Rohini,255.4,134.5,212.7,41.2,27.8,3.06,8.7,62.3,0.3,0.6,5.8,1,0,0,2
2022-01-04,Dwarka,375.1,196.2,295.1,73.7,27.9,3.83,9.6,33.0,4.4,1.7,5.8,1,1,0,2
2022-01-05,Anand Vihar,266.7,150.0,241.3,44.2,20.6,2.65,8.0,62.2,8.1,0.0,7.2,1,2,0,2
2022-01-06,ITO,433.7,253.5,373.8,105.1,31.0,5.01,13.7,28.7,7.1,2.7,4.6,1,3,0,2
2022-01-07,ITO,447.9,238.2,373.2,87.9,37.1,5.11,16.6,51.5,6.9,0.0,4.2,1,4,0,2
2022-01-08,Gurugram,436.1,213.3,375.8,75.3,33.7,5.46,13.2,53.2,0.0,0.0,5.3,1,5,1,2
2022-01-09,RK Puram,186.0,102.9,195.0,31.9,16.1,2.21,8.2,67.1,6.3,2.4,7.2,1,6,1,1
2022-01-10,Anand Vihar,480.3,255.3,409.4,82.5,42.1,6.62,18.4,50.1,2.9,1.9,3.4,1,0,0,2
2022-01-11,ITO,297.4,155.8,248.0,60.0,18.9,3.68,20.5,25.9,4.6,0.8,6.7,1,1,0,2
2022-01-12,ITO,426.6,240.8,380.9,78.6,37.5,5.21,7.9,65.7,8.0,2.2,4.2,1,2,0,2
2022-01-13,Gurugram,416.3,238.6,360.0,81.5,40.9,4.87,10.2,36.7,1.6,0.0,5.0,1,3,0,2
2022-01-14,Gurugram,447.5,273.5,381.8,69.3,35.7,4.89,18.9,50.6,3.6,0.0,4.8,1,4,0,2
2022-01-15,Noida,242.0,128.6,218.5,45.3,14.4,2.99,15.9,36.7,4.5,0.2,6.4,1,5,1,2
2022-01-16,Dwarka,431.1,227.5,387.2,84.8,32.1,5.33,15.3,50.4,6.6,4.3,4.6,1,6,1,2
2022-01-17,Anand Vihar,429.3,233.0,376.3,71.1,33.4,4.91,14.4,84.7,0.0,2.1,3.8,1,0,0,2
2022-01-18,ITO,261.9,159.6,224.5,51.5,15.9,4.34,23.2,70.5,6.5,0.0,6.9,1,1,0,2
2022-01-19,Dwarka,304.1,159.3,256.8,58.8,27.8,3.05,12.3,42.9,2.0,5.3,6.4,1,2,0,2
2022-01-20,RK Puram,403.2,208.5,370.4,66.7,27.1,4.72,23.4,49.7,1.2,0.0,4.9,1,3,0,2
2022-01-21,Anand Vihar,442.0,238.7,377.7,91.1,29.6,5.89,14.1,35.3,5.4,0.6,4.2,1,4,0,2
2022-01-22,ITO,394.3,197.9,354.4,66.1,40.0,5.07,14.4,56.6,3.7,0.0,5.2,1,5,1,2
2022-01-23,Gurugram,309.8,174.0,253.0,63.0,26.0,4.12,17.1,37.6,2.3,2.2,6.4,1,6,1,2
2022-01-24,Gurugram,172.6,88.2,164.1,43.5,12.0,1.87,15.3,50.2,6.8,0.0,8.3,1,0,0,1
2022-01-25,Anand Vihar,363.3,200.8,317.8,58.9,37.4,3.86,7.9,67.4,6.4,1.9,5.8,1,1,0,2
2022-01-26,Anand Vihar,283.9,135.2,267.9,48.6,25.9,3.71,20.8,43.5,4.6,1.7,6.9,1,2,0,2
2022-01-27,Anand Vihar,196.0,100.6,163.4,37.8,21.6,2.78,13.2,49.7,1.0,0.0,7.4,1,3,0,1
2022-01-28,Rohini,457.1,256.3,389.9,70.7,33.2,5.31,16.3,51.0,7.0,1.4,4.3,1,4,0,2
2022-01-29,Rohini,475.3,282.9,392.5,92.5,38.8,6.8,10.0,37.4,2.2,0.0,3.8,1,5,1,2
2022-01-30,RK Puram,194.2,112.5,179.7,40.9,21.4,2.68,13.3,48.9,3.2,0.9,7.0,1,6,1,1
2022-01-31,ITO,355.6,179.6,293.3,64.0,28.6,4.04,17.1,34.0,3.6,0.4,5.8,1,0,0,2
2022-02-01,RK Puram,314.5,164.7,262.7,58.5,33.3,3.83,21.8,52.5,7.5,3.1,6.2,2,1,0,2
2022-02-02,RK Puram,286.1,147.7,253.5,60.0,15.9,2.84,3.8,46.0,6.2,4.5,6.5,2,2,0,2
2022-02-03,Anand Vihar,285.5,156.9,254.6,49.1,16.2,3.42,16.0,66.8,0.0,0.0,6.4,2,3,0,2
2022-02-04,ITO,223.2,117.6,173.8,39.7,21.7,2.19,16.5,42.0,1.6,0.0,6.7,2,4,0,2
2022-02-05,RK Puram,177.8,96.8,151.8,36.1,19.0,2.56,10.9,39.0,5.7,0.0,7.2,2,5,1,1
2022-02-06,ITO,156.4,102.5,129.2,32.8,13.8,3.42,19.6,48.1,1.1,0.0,8.1,2,6,1,1
2022-02-07,Rohini,207.8,103.7,166.8,31.2,15.2,2.6,18.6,65.8,6.0,0.0,7.4,2,0,0,2
2022-02-08,ITO,322.2,166.8,271.0,51.0,20.2,4.33,23.5,29.0,5.7,0.0,5.7,2,1,0,2
2022-02-09,Rohini,159.4,62.6,145.7,31.8,12.4,2.03,15.4,39.1,2.4,1.6,8.1,2,2,0,1
2022-02-10,Anand Vihar,130.7,65.3,119.7,17.4,3.2,0.75,14.2,53.9,1.3,1.9,7.5,2,3,0,1
2022-02-11,Gurugram,354.8,193.7,295.5,59.0,31.4,4.81,17.9,39.1,11.3,0.0,5.0,2,4,0,2
2022-02-12,Dwarka,230.2,127.5,193.3,50.8,19.4,2.93,11.9,42.7,2.7,1.2,6.9,2,5,1,2
2022-02-13,Gurugram,94.7,49.4,94.7,15.1,12.8,0.8,2.8,65.8,1.5,0.0,8.8,2,6,1,0
2022-02-14,Anand Vihar,225.5,126.4,203.3,28.8,22.6,2.88,11.9,59.5,10.8,0.5,7.3,2,0,0,2
2022-02-15,Dwarka,138.2,91.1,123.5,22.1,14.4,2.3,11.8,43.6,2.3,2.9,8.8,2,1,0,1
2022-02-16,Anand Vihar,282.3,147.6,221.3,36.6,28.6,3.72,13.7,54.2,0.6,7.3,6.5,2,2,0,2
2022-02-17,Anand Vihar,338.7,188.5,294.6,63.0,22.5,3.39,23.4,52.8,4.3,0.0,6.2,2,3,0,2
2022-02-18,Dwarka,245.2,118.0,231.4,42.9,17.9,2.44,5.7,62.3,4.2,0.0,6.3,2,4,0,2
2022-02-19,Gurugram,124.6,57.3,103.7,22.4,4.7,1.9,13.2,66.2,0.0,0.0,8.7,2,5,1,1
2022-02-20,Rohini,181.7,125.7,155.4,32.8,14.4,2.28,13.3,41.4,2.4,0.0,7.5,2,6,1,1
2022-02-21,RK Puram,250.1,116.8,194.0,35.6,20.8,3.15,12.7,47.8,5.6,2.5,6.2,2,0,0,2
2022-02-22,Noida,301.6,173.1,239.4,50.1,26.1,3.01,17.6,46.4,2.9,2.1,6.5,2,1,0,2
2022-02-23,RK Puram,298.6,157.7,239.8,40.4,31.0,2.96,9.9,69.7,0.0,2.3,5.6,2,2,0,2
2022-02-24,ITO,129.0,73.1,108.2,18.9,11.9,1.53,19.5,51.7,4.5,0.0,8.4,2,3,0,1
2022-02-25,Anand Vihar,362.8,193.3,302.1,55.0,29.4,3.54,16.8,80.1,6.2,0.0,5.7,2,4,0,2
2022-02-26,ITO,255.0,156.9,232.0,31.2,15.3,2.75,14.1,57.8,1.8,0.6,6.4,2,5,1,2
2022-02-27,Anand Vihar,112.6,75.3,82.4,24.9,2.0,2.39,12.5,51.4,4.5,1.8,7.8,2,6,1,1
2022-02-28,ITO,371.7,215.9,305.4,66.6,36.8,4.15,23.1,60.6,2.3,1.9,5.8,2,0,0,2
2022-03-01,RK Puram,94.7,38.9,77.1,25.6,8.1,1.55,31.1,69.3,7.2,0.0,9.1,3,1,0,0
2022-03-02,Anand Vihar,185.6,104.8,138.6,24.8,19.1,2.21,31.4,50.4,4.1,2.8,7.4,3,2,0,1
2022-03-03,Rohini,99.8,44.4,104.0,15.9,8.5,1.4,18.4,40.2,7.1,2.6,8.9,3,3,0,0
2022-03-04,RK Puram,185.4,96.8,178.8,51.8,13.4,2.0,35.3,73.7,2.4,0.0,7.5,3,4,0,1
2022-03-05,Rohini,88.7,29.4,57.3,7.4,9.8,0.98,23.9,84.6,2.0,3.5,9.7,3,5,1,0
2022-03-06,ITO,117.5,58.4,91.5,16.0,14.2,2.12,25.1,37.5,5.4,0.0,8.8,3,6,1,1
2022-03-07,ITO,296.6,154.7,254.6,50.5,26.1,3.83,33.4,37.2,4.3,0.0,5.7,3,0,0,2
2022-03-08,ITO,194.2,101.7,168.5,34.8,20.3,3.59,25.3,42.7,7.1,2.0,8.5,3,1,0,1
2022-03-09,Gurugram,178.1,107.3,157.7,35.3,17.1,2.39,32.3,65.1,8.6,0.0,8.0,3,2,0,1
2022-03-10,Dwarka,154.6,97.1,119.1,30.8,10.8,1.87,34.4,52.9,4.1,0.0,8.4,3,3,0,1
2022-03-11,Dwarka,239.0,134.1,197.2,47.3,19.3,3.47,20.8,52.6,5.2,0.0,6.8,3,4,0,2
2022-03-12,Anand Vihar,152.6,95.9,106.9,23.0,13.7,2.61,27.7,41.7,9.6,0.0,7.0,3,5,1,1
2022-03-13,ITO,212.2,127.9,200.0,36.4,12.4,2.49,31.2,31.6,9.0,2.7,7.2,3,6,1,2
2022-03-14,Noida,126.3,68.6,124.1,25.5,11.9,1.8,30.2,59.6,8.0,0.6,8.8,3,0,0,1
2022-03-15,RK Puram,107.5,62.9,80.0,8.5,7.3,0.92,27.9,26.1,5.7,0.0,9.2,3,1,0,1
2022-03-16,Rohini,88.9,33.1,87.0,22.3,8.8,0.58,27.8,49.9,0.5,4.5,9.3,3,2,0,0
2022-03-17,Anand Vihar,116.9,61.6,98.1,19.6,6.4,1.5,22.7,64.8,5.9,0.0,8.3,3,3,0,1
2022-03-18,RK Puram,248.5,137.2,201.5,50.3,21.5,3.43,31.2,65.7,2.4,4.0,7.0,3,4,0,2
2022-03-19,Gurugram,223.7,119.3,193.2,32.0,15.8,2.99,33.6,94.5,3.7,0.0,7.6,3,5,1,2
2022-03-20,Gurugram,164.3,96.5,124.3,27.5,6.5,2.17,31.2,42.8,8.7,0.0,7.2,3,6,1,1
2022-03-21,Anand Vihar,121.9,66.0,130.4,8.9,7.5,1.86,28.9,58.0,0.2,4.1,8.9,3,0,0,1
2022-03-22,Anand Vihar,189.9,99.0,151.4,34.0,19.9,2.55,26.1,61.6,0.0,3.4,6.8,3,1,0,1
2022-03-23,ITO,177.0,105.4,131.7,40.7,11.3,1.35,26.6,20.0,4.8,0.0,8.4,3,2,0,1
2022-03-24,ITO,252.0,135.1,209.0,42.8,28.5,3.22,30.2,65.5,4.7,0.0,6.8,3,3,0,2
2022-03-25,Rohini,148.7,80.5,110.8,25.2,13.7,1.49,28.0,52.1,5.4,0.0,8.7,3,4,0,1
2022-03-26,Gurugram,261.6,155.0,206.8,52.0,16.7,2.83,37.6,47.1,4.7,2.6,7.0,3,5,1,2
2022-03-27,Dwarka,198.5,118.8,173.4,32.1,16.2,2.48,30.2,33.9,6.0,0.0,8.3,3,6,1,1
2022-03-28,Noida,160.0,87.4,141.0,31.4,14.5,2.73,30.3,46.3,6.9,3.6,7.4,3,0,0,1
2022-03-29,RK Puram,208.8,127.7,173.5,38.5,12.6,1.87,19.8,36.7,8.7,0.0,7.2,3,1,0,2
2022-03-30,Rohini,262.3,137.4,256.7,55.1,19.7,1.9,39.5,29.2,0.0,3.1,7.9,3,2,0,2
2022-03-31,Rohini,205.5,110.5,180.6,35.5,18.7,2.45,23.2,36.9,1.0,2.9,7.1,3,3,0,2
2022-04-01,Rohini,139.9,67.1,133.0,17.3,10.3,1.95,23.2,51.6,0.0,0.0,8.4,4,4,0,1
2022-04-02,RK Puram,191.4,99.5,163.6,38.2,15.9,2.9,29.9,45.7,5.2,1.5,7.0,4,5,1,1
2022-04-03,Dwarka,60.2,25.9,64.6,8.5,9.8,0.39,29.4,37.5,10.4,0.0,9.4,4,6,1,0
2022-04-04,RK Puram,123.1,80.0,129.0,9.9,10.9,2.21,19.6,54.7,4.0,1.2,8.1,4,0,0,1
2022-04-05,Anand Vihar,194.4,112.6,189.7,32.0,14.7,2.04,22.9,40.3,0.3,0.1,7.2,4,1,0,1
2022-04-06,Anand Vihar,116.0,74.1,100.3,24.6,17.8,0.81,21.8,60.4,9.8,0.0,9.4,4,2,0,1
2022-04-07,Gurugram,156.6,91.5,119.3,29.6,6.9,1.82,23.5,39.0,7.7,3.3,8.3,4,3,0,1
2022-04-08,Dwarka,77.8,43.5,77.9,14.6,11.1,0.56,29.1,42.1,5.1,1.5,9.3,4,4,0,0
2022-04-09,RK Puram,68.0,19.0,65.4,5.0,2.0,1.01,40.5,49.9,6.5,0.2,9.1,4,5,1,0
2022-04-10,Noida,167.6,87.1,138.9,20.7,12.0,1.49,34.6,50.8,4.5,0.0,8.0,4,6,1,1
2022-04-11,Gurugram,145.2,93.8,131.8,26.2,6.4,1.21,26.5,40.9,3.4,0.2,8.4,4,0,0,1
2022-04-12,Gurugram,36.0,5.0,35.0,8.7,2.0,0.7,21.6,35.5,5.3,0.0,9.5,4,1,0,0
2022-04-13,Rohini,129.9,65.3,105.9,20.3,11.1,1.64,28.0,56.6,7.6,2.8,7.6,4,2,0,1
2022-04-14,RK Puram,78.8,42.1,81.9,10.1,2.0,1.55,26.4,63.2,6.3,0.0,8.9,4,3,0,0
2022-04-15,Anand Vihar,113.3,47.5,99.0,20.3,11.4,1.42,23.1,67.9,3.5,0.0,8.1,4,4,0,1
2022-04-16,Noida,165.3,67.9,133.8,22.8,4.1,2.13,29.0,67.1,0.6,0.0,7.7,4,5,1,1
2022-04-17,Anand Vihar,215.0,125.7,187.2,49.1,23.4,2.6,24.2,56.9,2.0,6.0,7.4,4,6,1,2
2022-04-18,Noida,131.6,64.3,131.3,15.8,5.2,1.92,33.8,43.2,2.7,0.8,8.0,4,0,0,1
2022-04-19,Gurugram,159.7,73.6,158.3,26.2,11.8,2.58,30.8,56.8,10.5,0.0,8.5,4,1,0,1
2022-04-20,Rohini,231.5,134.8,205.7,34.8,20.0,3.06,26.9,41.1,0.2,0.0,6.1,4,2,0,2
2022-04-21,Noida,114.5,66.1,109.6,27.5,6.8,1.29,29.4,46.3,8.8,1.5,8.9,4,3,0,1
2022-04-22,Rohini,93.3,54.6,79.8,16.0,7.1,1.53,30.9,50.5,0.0,1.5,9.2,4,4,0,0
2022-04-23,Noida,192.9,111.7,137.5,40.7,17.0,2.96,31.4,47.9,0.3,0.0,7.2,4,5,1,1
2022-04-24,Noida,113.7,69.7,118.4,16.4,4.7,1.5,35.3,28.3,0.7,0.0,8.2,4,6,1,1
2022-04-25,Rohini,199.7,112.1,183.8,24.6,8.9,1.63,34.3,41.7,11.7,0.0,7.6,4,0,0,1
2022-04-26,Rohini,251.5,154.6,228.1,40.3,23.4,3.01,34.6,66.7,2.1,2.8,7.2,4,1,0,2
2022-04-27,Anand Vihar,74.8,33.9,35.5,12.8,5.5,1.65,31.2,34.6,9.6,3.7,9.4,4,2,0,0
2022-04-28,Gurugram,175.5,108.5,120.2,21.6,15.4,1.4,22.1,42.1,6.3,0.0,7.9,4,3,0,1
2022-04-29,Rohini,77.1,47.6,57.6,5.0,2.0,0.91,36.9,74.9,2.6,0.0,9.3,4,4,0,0
2022-04-30,Noida,136.3,78.5,117.7,16.7,7.3,1.81,26.9,37.4,1.2,0.0,9.1,4,5,1,1
2022-05-01,ITO,114.1,38.5,110.2,26.4,8.0,1.4,40.1,26.6,2.4,2.4,7.9,5,6,1,1
2022-05-02,Anand Vihar,118.3,65.9,105.8,14.8,8.2,1.21,35.8,59.5,2.7,3.1,9.9,5,0,0,1
2022-05-03,Dwarka,163.2,91.5,133.2,22.7,13.4,1.42,26.3,56.5,6.7,0.0,7.5,5,1,0,1
2022-05-04,Rohini,99.5,68.7,85.4,12.7,7.7,0.88,40.4,39.4,2.5,3.5,8.4,5,2,0,0
2022-05-05,Noida,139.5,73.8,95.1,32.2,10.8,1.58,50.8,54.5,1.7,0.0,8.8,5,3,0,1
2022-05-06,ITO,51.6,32.0,64.4,18.8,6.3,1.0,37.2,31.7,4.4,2.9,9.7,5,4,0,0
2022-05-07,Gurugram,106.9,49.2,97.2,35.7,4.3,1.29,43.6,48.8,5.4,0.0,8.9,5,5,1,1
2022-05-08,ITO,71.4,39.6,56.7,27.2,6.6,0.45,40.4,54.1,4.9,5.4,9.3,5,6,1,0
2022-05-09,Anand Vihar,186.9,81.6,149.8,44.0,14.9,1.74,36.0,62.6,5.6,0.0,7.5,5,0,0,1
2022-05-10,ITO,59.6,40.4,69.5,5.0,9.7,0.66,42.9,50.6,4.4,1.1,8.9,5,1,0,0
2022-05-11,Anand Vihar,113.1,65.0,92.3,25.1,7.1,1.79,32.6,51.9,9.8,0.0,8.2,5,2,0,1
2022-05-12,Noida,150.0,89.7,137.5,17.3,15.3,1.94,40.6,35.5,4.5,0.0,7.0,5,3,0,1
2022-05-13,Anand Vihar,49.2,21.7,40.4,11.5,4.7,0.94,36.3,57.7,3.2,2.2,9.7,5,4,0,0
2022-05-14,ITO,159.5,94.3,129.7,31.4,10.2,1.46,38.4,21.7,3.1,0.0,8.4,5,5,1,1
2022-05-15,Rohini,207.0,112.8,173.4,37.8,21.2,2.02,39.0,64.6,5.5,0.6,7.9,5,6,1,2
2022-05-16,Rohini,34.8,33.9,24.3,13.3,3.7,1.47,33.5,68.3,9.2,0.0,10.0,5,0,0,0
2022-05-17,RK Puram,102.1,77.8,84.1,19.4,10.4,1.25,44.8,40.7,4.6,0.0,8.1,5,1,0,1
2022-05-18,ITO,78.7,47.8,48.3,7.0,3.6,0.84,38.0,66.3,2.3,1.4,10.4,5,2,0,0
2022-05-19,RK Puram,136.2,77.1,104.5,22.0,7.7,2.17,38.1,78.5,3.8,0.0,7.5,5,3,0,1
2022-05-20,RK Puram,163.8,97.8,162.2,36.9,10.9,2.04,35.5,39.4,5.0,0.0,6.8,5,4,0,1
2022-05-21,Dwarka,100.8,54.1,86.8,16.3,5.5,1.29,39.8,33.6,8.2,0.0,8.7,5,5,1,1
2022-05-22,Dwarka,154.5,88.8,140.9,28.3,9.4,1.01,35.4,90.2,2.5,0.0,8.4,5,6,1,1
2022-05-23,Gurugram,182.2,93.7,181.5,23.2,18.3,2.69,35.3,70.9,3.2,0.9,7.9,5,0,0,1
2022-05-24,Anand Vihar,34.3,5.0,46.7,18.9,5.9,0.1,43.9,46.2,0.4,0.0,9.4,5,1,0,0
2022-05-25,Dwarka,216.9,113.7,181.2,25.6,14.1,3.08,44.5,31.5,2.2,0.0,7.4,5,2,0,2
2022-05-26,Gurugram,105.0,57.8,82.1,18.1,10.0,0.71,36.6,22.9,2.9,0.0,8.8,5,3,0,1
2022-05-27,RK Puram,190.2,103.5,168.4,21.7,10.7,1.69,38.6,76.0,10.7,1.9,7.9,5,4,0,1
2022-05-28,RK Puram,64.7,23.0,42.0,12.1,7.2,1.26,30.7,47.4,0.7,0.0,10.4,5,5,1,0
2022-05-29,Anand Vihar,218.7,108.0,193.4,35.6,17.1,3.95,32.0,53.8,5.4,3.3,7.3,5,6,1,2
2022-05-30,ITO,119.3,59.0,114.5,20.5,4.9,1.43,39.6,53.8,7.1,0.0,8.1,5,0,0,1
2022-05-31,ITO,130.7,50.5,158.1,32.0,11.3,1.54,39.1,57.8,5.9,1.7,8.4,5,1,0,1
2022-06-01,RK Puram,178.4,96.8,166.7,50.8,15.0,3.12,37.0,64.3,11.3,0.0,7.4,6,2,0,1
2022-06-02,Noida,119.0,75.0,108.9,27.2,11.6,1.11,39.7,62.0,10.3,3.6,8.9,6,3,0,1
2022-06-03,ITO,99.7,46.6,84.4,5.0,2.0,1.1,35.8,51.6,7.6,0.1,9.1,6,4,0,0
2022-06-04,ITO,113.7,69.1,110.7,7.6,6.0,0.98,34.2,62.4,7.4,0.0,7.6,6,5,1,1
2022-06-05,Dwarka,134.0,57.2,132.0,17.3,12.1,1.61,42.0,82.8,4.1,0.0,8.4,6,6,1,1
2022-06-06,Rohini,146.8,85.5,132.4,34.9,22.8,1.96,36.0,49.6,2.7,0.0,8.0,6,0,0,1
2022-06-07,Gurugram,102.1,65.7,71.3,11.5,12.7,1.09,34.9,60.9,6.5,3.1,8.4,6,1,0,1
2022-06-08,Gurugram,165.5,95.0,139.2,31.9,10.9,0.77,37.5,71.3,10.8,2.9,8.5,6,2,0,1
2022-06-09,RK Puram,103.7,59.1,83.9,15.2,8.9,1.45,37.5,20.0,8.1,0.0,8.6,6,3,0,1
2022-06-10,Rohini,104.2,52.8,110.3,21.4,9.5,1.56,33.4,65.6,7.8,2.0,8.2,6,4,0,1
2022-06-11,Anand Vihar,88.3,61.3,87.2,24.5,2.0,1.83,35.0,52.9,7.6,0.0,8.2,6,5,1,0
2022-06-12,Gurugram,111.8,68.9,87.3,18.3,5.0,0.1,37.2,86.2,10.4,0.0,8.5,6,6,1,1
2022-06-13,RK Puram,225.1,134.4,180.5,41.5,24.2,2.58,38.8,64.7,5.8,0.0,7.3,6,0,0,2
2022-06-14,Anand Vihar,138.4,77.9,121.3,23.1,17.0,0.86,34.7,48.5,3.1,0.0,9.1,6,1,0,1
2022-06-15,Dwarka,155.2,83.3,122.2,22.6,10.0,2.03,34.0,55.9,12.2,1.0,7.9,6,2,0,1
2022-06-16,Anand Vihar,180.8,91.3,134.8,30.7,16.3,2.66,37.7,45.2,8.5,0.0,8.8,6,3,0,1
2022-06-17,Anand Vihar,143.4,78.9,97.5,21.6,12.4,2.14,35.5,82.8,2.3,0.0,8.2,6,4,0,1
2022-06-18,Dwarka,60.6,29.0,60.3,5.0,6.7,1.74,32.5,52.8,6.0,1.3,9.3,6,5,1,0
2022-06-19,ITO,101.3,46.1,98.6,29.4,12.8,1.33,33.2,49.9,12.7,1.9,8.6,6,6,1,1
2022-06-20,RK Puram,85.8,56.0,66.2,11.7,7.9,0.81,37.7,81.5,7.3,0.0,8.6,6,0,0,0
2022-06-21,ITO,37.4,23.1,34.1,7.5,5.3,1.05,35.6,56.1,3.3,4.1,8.9,6,1,0,0
2022-06-22,Gurugram,111.6,57.3,105.1,20.9,11.3,2.33,31.7,74.3,8.3,0.0,7.9,6,2,0,1
2022-06-23,RK Puram,185.4,98.4,105.5,36.6,9.5,1.95,33.9,44.5,9.3,0.0,8.0,6,3,0,1
2022-06-24,Anand Vihar,157.7,99.1,118.0,33.8,17.4,1.0,39.3,42.4,7.8,1.0,7.8,6,4,0,1
2022-06-25,Dwarka,109.9,53.1,78.1,11.5,5.8,1.93,41.3,46.2,11.4,0.0,8.0,6,5,1,1
2022-06-26,Noida,118.3,72.9,96.8,16.5,15.2,2.29,41.9,51.3,5.6,0.0,8.8,6,6,1,1
2022-06-27,RK Puram,157.7,70.8,145.9,36.1,15.8,1.91,34.2,20.0,8.5,3.2,8.5,6,0,0,1
2022-06-28,Gurugram,150.3,89.3,134.1,33.8,9.6,1.52,33.6,56.6,10.3,1.4,9.0,6,1,0,1
2022-06-29,Gurugram,20.9,16.0,10.0,5.0,7.4,0.22,39.8,61.6,5.0,0.6,10.4,6,2,0,0
2022-06-30,Dwarka,117.1,71.4,105.9,25.0,7.3,0.33,42.4,42.8,5.4,2.1,8.3,6,3,0,1
2022-07-01,RK Puram,76.0,52.9,93.6,14.2,3.5,0.41,28.7,83.7,3.5,34.4,8.6,7,4,0,0
2022-07-02,Dwarka,29.8,5.2,43.8,5.0,2.0,0.44,33.5,81.8,12.3,2.8,9.0,7,5,1,0
2022-07-03,ITO,60.6,28.3,26.5,5.0,5.2,1.48,30.2,55.4,13.1,0.0,8.4,7,6,1,0
2022-07-04,Dwarka,48.5,17.5,26.2,10.4,4.2,0.22,32.5,56.8,7.2,43.5,10.1,7,0,0,0
2022-07-05,Anand Vihar,136.0,59.0,129.5,29.7,4.7,1.52,32.8,90.0,10.2,0.0,9.1,7,1,0,1
2022-07-06,Gurugram,44.4,30.1,36.8,17.0,2.2,0.81,28.9,64.6,7.5,14.5,9.3,7,2,0,0
2022-07-07,Anand Vihar,23.1,29.5,12.2,5.0,2.0,1.06,35.9,77.1,5.1,17.2,10.0,7,3,0,0
2022-07-08,Gurugram,42.7,14.3,23.8,7.1,2.0,0.85,36.5,56.3,8.7,20.0,9.7,7,4,0,0
2022-07-09,RK Puram,42.1,37.3,46.0,8.8,10.2,0.41,30.1,67.3,10.3,0.0,9.6,7,5,1,0
2022-07-10,RK Puram,103.5,54.6,109.8,7.9,11.1,0.94,37.2,94.9,5.7,0.0,9.1,7,6,1,1
2022-07-11,Gurugram,59.4,40.6,50.2,12.7,3.2,1.59,28.9,54.5,6.5,20.9,8.7,7,0,0,0
2022-07-12,ITO,116.5,60.8,89.8,12.3,6.0,2.87,35.7,44.7,4.0,19.6,8.8,7,1,0,1
2022-07-13,Dwarka,20.0,18.1,17.1,12.1,2.0,0.1,32.0,71.3,10.5,13.5,9.8,7,2,0,0
2022-07-14,Anand Vihar,119.1,70.2,87.3,25.9,5.9,1.22,31.1,79.6,10.8,0.0,8.5,7,3,0,1
2022-07-15,Gurugram,80.1,36.2,63.7,15.3,2.0,0.25,33.8,62.8,6.2,0.0,8.6,7,4,0,0
2022-07-16,Rohini,152.4,68.0,101.3,42.4,13.8,1.39,33.6,25.5,8.0,16.6,8.6,7,5,1,1
2022-07-17,Anand Vihar,69.2,34.7,47.0,15.9,2.3,0.59,28.1,63.0,8.5,0.0,9.3,7,6,1,0
2022-07-18,RK Puram,136.4,89.7,130.9,26.8,17.9,1.82,33.2,64.2,11.7,31.9,8.0,7,0,0,1
2022-07-19,Anand Vihar,84.1,45.3,86.8,13.7,3.9,0.87,34.8,72.4,8.1,13.8,8.7,7,1,0,0
2022-07-20,Dwarka,106.2,39.6,99.5,14.0,3.7,0.96,31.4,55.9,1.4,27.9,9.3,7,2,0,1
2022-07-21,Dwarka,115.9,66.4,121.2,32.0,10.9,1.77,33.9,47.8,8.2,31.5,9.3,7,3,0,1
2022-07-22,RK Puram,57.1,34.4,55.5,11.9,5.8,1.54,35.2,67.9,10.8,0.0,9.5,7,4,0,0
2022-07-23,RK Puram,69.0,31.7,43.6,6.4,2.8,1.25,31.5,44.4,8.1,14.4,8.9,7,5,1,0
2022-07-24,ITO,115.9,57.2,111.4,12.1,12.8,1.48,33.7,47.4,5.3,21.9,8.1,7,6,1,1
2022-07-25,Rohini,46.6,36.1,47.7,14.1,6.8,0.1,36.3,58.1,7.8,3.3,9.7,7,0,0,0
2022-07-26,Noida,77.6,49.5,61.4,11.3,9.1,1.1,32.9,72.0,3.4,25.1,9.3,7,1,0,0
2022-07-27,Rohini,67.0,49.0,48.0,5.0,7.9,0.2,34.1,85.0,9.9,31.4,10.2,7,2,0,0
2022-07-28,ITO,108.4,61.1,92.5,16.7,14.9,0.89,36.6,72.5,3.8,17.4,7.6,7,3,0,1
2022-07-29,Dwarka,124.5,75.4,129.8,21.9,7.4,2.09,35.5,73.4,7.5,10.0,7.8,7,4,0,1
2022-07-30,Anand Vihar,137.2,68.0,109.3,34.5,17.7,1.93,29.4,94.8,6.4,3.3,8.5,7,5,1,1
2022-07-31,Rohini,122.3,75.7,111.5,14.2,22.0,0.92,31.1,40.2,9.6,13.0,8.9,7,6,1,1
2022-08-01,Gurugram,63.0,33.9,46.8,12.9,2.0,0.19,33.9,74.4,5.6,27.9,8.9,8,0,0,0
2022-08-02,RK Puram,90.2,61.5,74.8,14.8,5.3,1.25,32.9,55.0,7.5,0.0,8.5,8,1,0,0
2022-08-03,ITO,59.6,30.2,47.0,10.2,6.7,1.15,30.1,47.0,4.9,0.3,9.1,8,2,0,0
2022-08-04,Rohini,98.3,50.3,88.5,24.7,6.3,0.22,31.5,85.3,8.8,14.7,8.2,8,3,0,0
2022-08-05,Rohini,70.4,37.8,33.2,12.0,2.3,1.3,30.4,63.2,6.1,44.8,9.0,8,4,0,0
2022-08-06,Noida,127.5,66.0,120.5,32.7,10.7,0.94,30.5,90.5,7.8,0.0,7.7,8,5,1,1
2022-08-07,ITO,101.2,38.6,72.2,30.7,7.0,1.09,31.1,93.6,12.9,54.4,8.7,8,6,1,1
2022-08-08,Gurugram,34.4,10.0,35.3,5.0,3.9,0.1,29.9,71.6,6.7,17.6,9.5,8,0,0,0
2022-08-09,ITO,51.3,40.4,35.9,5.0,3.2,1.21,32.6,57.0,9.5,0.0,9.7,8,1,0,0
2022-08-10,Anand Vihar,80.0,46.9,73.6,25.2,9.2,0.89,28.4,54.3,7.2,26.6,9.0,8,2,0,0
2022-08-11,Noida,38.5,24.1,30.0,5.0,2.0,0.16,33.4,23.8,6.5,0.0,10.2,8,3,0,0
2022-08-12,Anand Vihar,39.8,46.0,37.2,7.3,6.7,0.15,32.0,65.8,6.5,34.0,9.4,8,4,0,0
2022-08-13,Noida,70.1,32.9,64.6,5.0,8.6,0.63,28.6,58.2,11.8,0.0,9.3,8,5,1,0
2022-08-14,ITO,80.3,51.6,69.9,9.3,5.8,1.73,32.4,54.5,4.4,20.1,9.1,8,6,1,0
2022-08-15,RK Puram,147.1,89.6,118.2,19.4,15.6,2.2,36.4,55.9,7.3,0.0,8.0,8,0,0,1
2022-08-16,Rohini,42.9,12.6,40.9,7.3,5.4,0.1,32.0,96.1,6.9,26.5,9.9,8,1,0,0
2022-08-17,Anand Vihar,86.5,56.9,70.0,24.7,2.5,0.63,30.2,57.1,4.8,34.5,8.8,8,2,0,0
2022-08-18,Dwarka,121.1,66.0,75.2,28.0,3.2,0.85,31.3,66.8,5.0,4.5,8.8,8,3,0,1
2022-08-19,Anand Vihar,100.3,57.8,104.3,23.9,9.2,0.38,29.1,63.2,8.3,0.0,10.0,8,4,0,1
2022-08-20,RK Puram,70.9,43.2,91.5,5.0,8.0,0.82,33.4,58.5,7.6,12.6,9.0,8,5,1,0
2022-08-21,ITO,70.0,43.4,36.3,21.3,3.7,0.79,36.0,45.7,3.8,0.0,9.6,8,6,1,0
2022-08-22,Anand Vihar,60.9,45.8,50.8,6.5,2.0,0.97,33.4,53.1,1.3,18.2,9.1,8,0,0,0
2022-08-23,RK Puram,94.7,47.0,81.0,5.0,4.9,1.36,29.1,65.9,9.3,3.1,8.9,8,1,0,0
2022-08-24,ITO,69.9,40.2,66.7,10.8,3.1,0.1,35.4,71.0,9.3,0.0,9.8,8,2,0,0
2022-08-25,Anand Vihar,55.7,48.0,34.5,5.6,5.3,0.1,30.8,69.8,7.0,8.1,9.0,8,3,0,0
2022-08-26,RK Puram,105.0,57.9,65.6,21.7,7.4,1.94,36.3,87.0,6.3,49.8,8.9,8,4,0,1
2022-08-27,Rohini,114.3,65.2,93.4,30.2,9.7,0.39,28.6,62.2,8.9,8.9,9.2,8,5,1,1
2022-08-28,Dwarka,64.9,33.4,53.9,23.7,2.4,1.43,28.5,85.2,6.6,11.5,9.0,8,6,1,0
2022-08-29,Anand Vihar,65.3,23.0,64.1,15.4,2.0,0.2,31.2,60.5,4.4,17.8,9.3,8,0,0,0
2022-08-30,Rohini,50.3,16.3,47.9,6.1,2.0,0.31,31.7,66.3,6.4,2.8,9.3,8,1,0,0
2022-08-31,Anand Vihar,76.6,24.8,87.5,14.1,7.9,1.39,28.9,72.1,7.2,26.9,8.0,8,2,0,0
2022-09-01,RK Puram,215.1,112.4,192.7,43.8,15.0,1.59,30.2,75.2,1.7,0.0,7.0,9,3,0,2
2022-09-02,Dwarka,75.4,29.1,65.8,24.2,7.3,0.6,33.4,58.1,1.9,0.0,8.2,9,4,0,0
2022-09-03,Noida,221.2,126.9,171.0,44.0,16.4,2.5,33.8,58.0,0.0,2.3,6.7,9,5,1,2
2022-09-04,RK Puram,219.4,109.6,181.5,33.2,22.9,2.03,34.7,78.4,9.5,0.0,7.6,9,6,1,2
2022-09-05,ITO,129.6,52.9,98.4,32.5,11.2,2.02,33.6,87.0,4.9,2.0,8.0,9,0,0,1
2022-09-06,Dwarka,214.0,129.6,164.3,51.9,23.2,2.94,37.3,40.2,2.4,0.0,7.7,9,1,0,2
2022-09-07,Anand Vihar,164.6,82.5,150.6,38.2,14.5,1.83,25.7,61.9,5.6,0.0,7.9,9,2,0,1
2022-09-08,Gurugram,144.7,66.8,125.8,34.1,6.6,1.83,34.8,65.2,12.6,0.0,8.7,9,3,0,1
2022-09-09,Anand Vihar,101.0,45.6,101.4,33.4,9.1,1.27,32.5,82.7,7.5,0.0,8.9,9,4,0,1
2022-09-10,Anand Vihar,101.7,67.8,108.0,16.4,8.3,0.77,35.5,75.0,9.8,0.0,8.5,9,5,1,1
2022-09-11,Anand Vihar,127.7,85.6,98.7,20.0,11.3,0.88,29.7,65.4,3.1,1.8,9.8,9,6,1,1
2022-09-12,ITO,69.9,22.8,82.0,9.9,4.7,0.53,31.1,86.3,0.0,3.8,9.3,9,0,0,0
2022-09-13,Noida,86.5,59.6,90.6,9.2,5.3,0.58,33.0,91.0,6.1,3.1,9.3,9,1,0,0
2022-09-14,Anand Vihar,248.1,124.6,217.6,61.3,15.8,2.8,33.2,64.2,1.1,3.4,8.1,9,2,0,2
2022-09-15,Dwarka,264.6,152.1,205.8,63.4,21.1,2.76,28.8,77.5,4.7,1.0,7.3,9,3,0,2
2022-09-16,Dwarka,203.1,98.1,170.4,40.6,23.4,2.79,31.3,49.6,7.7,0.0,8.3,9,4,0,2
2022-09-17,RK Puram,23.6,15.2,10.0,5.0,3.2,0.19,30.5,46.2,4.1,0.0,9.4,9,5,1,0
2022-09-18,RK Puram,43.2,16.7,66.0,5.0,4.2,0.72,32.4,63.8,0.4,4.4,10.4,9,6,1,0
2022-09-19,Noida,111.1,49.9,89.1,13.3,11.6,1.37,30.0,79.9,4.8,0.0,9.1,9,0,0,1
2022-09-20,Noida,120.8,75.0,104.7,9.1,6.4,1.41,31.8,94.6,0.0,1.5,9.2,9,1,0,1
2022-09-21,Gurugram,141.1,88.5,126.4,19.7,14.9,1.97,29.6,63.5,2.5,7.9,8.5,9,2,0,1
2022-09-22,RK Puram,189.8,97.6,155.3,50.1,11.9,2.0,31.6,77.6,4.6,0.0,7.4,9,3,0,1
2022-09-23,Rohini,200.5,121.7,162.0,46.2,16.9,3.03,33.7,42.2,9.2,0.2,7.8,9,4,0,2
2022-09-24,Anand Vihar,163.2,76.9,143.1,30.5,10.6,2.03,36.8,75.4,0.6,0.0,7.6,9,5,1,1
2022-09-25,Anand Vihar,123.2,62.4,102.7,24.5,2.0,0.29,31.0,62.0,4.6,0.0,8.5,9,6,1,1
2022-09-26,Anand Vihar,282.7,157.1,255.7,52.3,17.3,3.19,32.4,58.2,3.3,0.0,6.4,9,0,0,2
2022-09-27,Anand Vihar,80.5,47.5,70.4,11.8,2.4,0.57,32.3,48.3,9.3,0.0,8.8,9,1,0,0
2022-09-28,RK Puram,99.2,69.8,94.3,10.5,2.0,1.03,31.4,72.4,2.4,1.5,9.7,9,2,0,0
2022-09-29,Rohini,88.9,53.9,70.3,12.0,9.5,0.3,26.9,56.0,7.2,0.0,9.7,9,3,0,0
2022-09-30,Dwarka,191.2,97.2,168.9,44.7,6.4,2.55,24.5,50.5,8.9,0.0,7.0,9,4,0,1
2022-10-01,Rohini,51.9,40.0,18.2,5.0,5.2,1.91,18.6,29.0,5.0,3.6,9.0,10,5,1,0
2022-10-02,ITO,251.2,151.9,218.2,50.7,26.0,2.46,23.9,42.0,0.0,1.0,8.1,10,6,1,2
2022-10-03,Gurugram,215.3,128.4,169.4,39.3,15.8,2.14,23.8,62.8,10.4,1.7,6.1,10,0,0,2
2022-10-04,ITO,255.2,142.6,230.5,43.6,25.7,3.22,24.8,30.9,4.9,0.0,6.5,10,1,0,2
2022-10-05,Noida,214.7,102.5,210.4,32.8,18.0,1.83,24.4,39.2,0.0,4.0,7.9,10,2,0,2
2022-10-06,ITO,328.6,193.3,296.5,51.4,30.3,4.11,23.1,37.6,1.8,6.1,5.9,10,3,0,2
2022-10-07,Anand Vihar,283.2,147.7,215.4,55.5,23.4,3.9,21.2,61.4,7.2,0.0,6.7,10,4,0,2
2022-10-08,ITO,309.6,156.5,268.4,39.9,25.0,4.66,20.2,37.5,6.3,0.0,5.8,10,5,1,2
2022-10-09,Noida,228.1,138.9,183.5,29.0,13.6,2.73,21.1,45.6,2.6,3.0,6.9,10,6,1,2
2022-10-10,Anand Vihar,258.3,146.2,227.9,50.1,17.4,3.17,25.5,50.1,0.0,0.5,7.9,10,0,0,2
2022-10-11,ITO,267.1,145.6,232.1,57.7,24.5,3.61,22.3,56.0,1.8,2.5,7.2,10,1,0,2
2022-10-12,Rohini,217.6,120.4,182.7,48.7,17.1,2.05,22.4,52.7,7.7,1.8,6.9,10,2,0,2
2022-10-13,Anand Vihar,214.3,121.6,187.8,33.8,18.4,2.81,27.7,35.3,8.2,1.1,7.6,10,3,0,2
2022-10-14,RK Puram,271.5,160.0,252.6,41.5,18.4,3.19,25.2,42.1,8.1,1.3,6.6,10,4,0,2
2022-10-15,RK Puram,112.8,34.8,110.1,20.4,13.2,0.79,24.1,53.2,2.3,0.0,9.5,10,5,1,1
2022-10-16,RK Puram,194.3,111.9,181.2,25.4,6.3,2.76,20.7,20.0,4.4,2.4,7.5,10,6,1,1
2022-10-17,Rohini,127.3,74.8,118.4,24.1,9.0,1.47,27.0,50.5,0.9,0.0,7.7,10,0,0,1
2022-10-18,Dwarka,191.4,117.8,156.0,28.9,7.4,2.35,32.2,54.2,3.9,1.0,7.6,10,1,0,1
2022-10-19,ITO,202.4,114.2,163.6,25.1,14.1,2.17,28.1,34.0,1.6,0.7,6.8,10,2,0,2
2022-10-20,Anand Vihar,85.6,26.3,71.4,14.2,5.5,0.51,19.3,57.0,2.3,0.9,8.5,10,3,0,0
2022-10-21,RK Puram,239.7,123.8,205.1,41.5,20.1,3.66,24.3,40.4,1.3,0.0,6.3,10,4,0,2
2022-10-22,RK Puram,150.2,73.7,135.3,27.3,4.1,2.13,27.2,35.1,5.3,0.0,8.2,10,5,1,1
2022-10-23,ITO,187.9,102.0,165.9,38.3,14.5,2.46,21.8,69.7,2.3,3.6,6.9,10,6,1,1
2022-10-24,ITO,300.5,163.3,247.5,62.4,18.4,3.12,22.4,68.6,5.1,0.0,6.1,10,0,0,2
2022-10-25,Dwarka,152.6,95.8,154.8,19.6,17.8,1.59,26.1,71.2,3.6,0.0,8.5,10,1,0,1
2022-10-26,Gurugram,195.0,93.3,174.7,29.3,14.8,2.11,20.8,49.9,3.4,0.0,7.2,10,2,0,1
2022-10-27,ITO,243.6,144.0,208.9,56.2,29.1,2.69,22.3,46.3,5.8,4.0,6.6,10,3,0,2
2022-10-28,Gurugram,281.9,139.7,236.6,53.1,23.3,2.46,20.4,49.0,5.6,0.0,6.4,10,4,0,2
2022-10-29,Noida,318.8,169.9,286.9,66.6,24.6,4.42,21.8,52.4,5.7,2.4,6.3,10,5,1,2
2022-10-30,ITO,184.0,117.9,142.3,46.0,13.4,2.87,18.4,58.8,1.8,0.0,7.8,10,6,1,1
2022-10-31,Noida,246.3,126.6,170.5,44.8,23.5,2.45,27.4,34.5,3.6,2.3,6.3,10,0,0,2
2022-11-01,Noida,249.1,143.7,234.7,51.9,23.0,3.02,25.6,68.7,0.0,0.0,6.5,11,1,0,2
2022-11-02,Dwarka,238.5,142.8,201.4,49.8,17.6,2.91,23.4,45.1,5.1,0.0,6.9,11,2,0,2
2022-11-03,ITO,500.0,269.2,415.8,89.3,39.0,6.56,24.7,39.0,9.7,0.1,4.1,11,3,0,2
2022-11-04,Dwarka,296.5,187.9,270.8,44.2,25.1,4.29,18.0,51.2,4.4,0.0,6.5,11,4,0,2
2022-11-05,Rohini,481.8,296.5,392.7,88.7,30.2,6.06,21.8,78.9,1.7,0.0,3.7,11,5,1,2
2022-11-06,Dwarka,380.2,209.1,335.4,77.9,27.0,4.55,21.8,59.0,3.3,0.1,5.1,11,6,1,2
2022-11-07,Noida,270.3,148.8,236.8,37.7,24.0,1.89,21.5,42.7,5.9,0.1,5.9,11,0,0,2
2022-11-08,Anand Vihar,336.0,196.6,282.4,56.3,20.6,4.0,21.8,75.3,9.5,0.0,5.2,11,1,0,2
2022-11-09,Anand Vihar,272.3,165.8,243.5,55.9,16.1,2.69,12.6,37.9,6.9,1.6,6.5,11,2,0,2
2022-11-10,Anand Vihar,409.3,234.4,381.0,67.5,27.8,5.01,28.6,35.9,4.1,4.1,4.1,11,3,0,2
2022-11-11,ITO,380.7,199.2,326.7,80.2,32.3,5.05,23.1,61.2,4.8,0.0,5.4,11,4,0,2
2022-11-12,Gurugram,423.6,223.9,351.5,74.9,40.4,5.37,18.7,48.6,3.3,0.0,4.7,11,5,1,2
2022-11-13,Anand Vihar,302.8,172.9,246.9,67.9,16.6,4.29,23.1,62.9,4.2,3.4,6.0,11,6,1,2
2022-11-14,ITO,361.7,204.5,304.8,57.8,24.1,4.85,27.1,59.7,6.4,0.0,5.2,11,0,0,2
2022-11-15,RK Puram,465.8,255.6,399.6,81.5,42.7,5.49,24.9,67.2,1.7,4.7,3.4,11,1,0,2
2022-11-16,RK Puram,287.8,156.8,239.8,41.6,22.6,2.87,17.3,51.8,2.1,5.1,6.9,11,2,0,2
2022-11-17,Dwarka,314.3,170.4,267.2,65.1,30.2,3.72,22.4,49.2,5.0,2.7,6.1,11,3,0,2
2022-11-18,Noida,454.4,248.6,402.8,62.9,34.3,5.07,23.9,20.0,8.0,0.0,4.5,11,4,0,2
2022-11-19,RK Puram,289.7,159.5,253.4,50.0,15.8,3.26,27.2,45.5,3.3,3.0,6.0,11,5,1,2
2022-11-20,Rohini,282.5,159.9,237.5,40.2,22.4,3.34,27.9,35.4,6.9,0.0,5.9,11,6,1,2
2022-11-21,ITO,305.4,171.9,263.5,65.2,14.7,2.47,22.0,66.5,0.0,0.0,6.5,11,0,0,2
2022-11-22,ITO,220.3,114.4,163.7,33.3,18.2,2.54,19.3,24.4,4.2,0.0,7.1,11,1,0,2
2022-11-23,Rohini,366.6,202.1,320.0,80.8,27.4,4.56,16.8,20.0,6.5,0.0,6.0,11,2,0,2
2022-11-24,Noida,329.1,182.5,308.7,69.5,23.9,3.75,19.5,37.2,0.0,0.0,6.6,11,3,0,2
2022-11-25,Anand Vihar,210.5,109.9,189.4,38.1,10.7,2.61,32.8,57.4,3.8,3.2,7.5,11,4,0,2
2022-11-26,Gurugram,428.5,252.0,373.6,71.1,33.3,4.01,20.4,44.3,5.6,0.0,4.0,11,5,1,2
2022-11-27,ITO,345.1,192.7,263.4,53.1,31.3,4.07,21.9,29.6,0.8,0.0,5.6,11,6,1,2
2022-11-28,Dwarka,191.9,108.4,163.8,40.8,10.9,2.68,30.1,53.9,2.2,0.4,7.3,11,0,0,1
2022-11-29,Dwarka,372.1,189.8,313.1,76.6,23.7,3.94,24.5,35.2,1.6,0.0,4.7,11,1,0,2
2022-11-30,ITO,268.4,150.5,227.1,39.2,17.9,3.99,24.1,51.5,4.3,4.2,6.1,11,2,0,2
2022-12-01,Dwarka,345.6,189.9,292.2,72.0,23.3,3.77,19.2,41.1,6.7,5.1,5.5,12,3,0,2
2022-12-02,Anand Vihar,458.8,256.6,413.3,81.0,29.6,5.94,5.0,52.6,6.9,1.0,5.4,12,4,0,2
2022-12-03,Noida,304.6,158.1,250.5,38.5,24.6,3.53,5.6,56.1,6.1,0.7,6.0,12,5,1,2
2022-12-04,ITO,312.9,182.4,272.6,71.2,29.0,4.61,1.5,51.5,3.0,0.0,5.7,12,6,1,2
2022-12-05,Anand Vihar,255.3,150.4,226.7,27.0,28.6,3.21,10.1,52.4,4.5,0.0,6.9,12,0,0,2
2022-12-06,Gurugram,295.2,168.1,248.6,62.1,25.1,3.23,15.7,36.5,6.8,0.0,6.9,12,1,0,2
2022-12-07,Noida,248.7,147.6,225.5,48.7,24.2,2.54,15.7,48.1,6.5,0.0,6.7,12,2,0,2
2022-12-08,RK Puram,347.1,189.9,285.5,68.7,27.5,3.47,19.2,38.8,4.1,0.0,5.8,12,3,0,2
2022-12-09,Anand Vihar,427.9,247.9,377.9,69.8,29.7,5.31,9.8,51.5,2.6,0.0,3.5,12,4,0,2
2022-12-10,Rohini,430.2,232.0,343.0,79.9,28.1,5.06,19.9,59.0,0.0,0.6,4.5,12,5,1,2
2022-12-11,Dwarka,290.5,171.2,251.3,62.4,24.4,2.91,7.3,26.7,6.0,3.6,7.3,12,6,1,2
2022-12-12,Noida,268.0,138.7,222.7,51.3,18.2,2.64,16.3,78.0,7.7,2.1,7.1,12,0,0,2
2022-12-13,Rohini,318.2,161.1,286.3,47.7,26.6,3.4,16.8,49.5,0.0,1.3,5.7,12,1,0,2
2022-12-14,RK Puram,254.6,144.7,203.2,57.6,22.5,2.8,4.7,53.4,3.9,0.0,6.3,12,2,0,2
2022-12-15,Anand Vihar,221.6,119.7,194.0,45.4,18.8,2.99,13.7,32.2,7.2,0.0,6.8,12,3,0,2
2022-12-16,Rohini,441.6,231.4,383.5,90.3,30.3,6.29,16.1,65.5,8.4,2.9,4.4,12,4,0,2
2022-12-17,Noida,362.5,206.8,298.6,67.0,27.8,4.24,17.8,34.4,9.8,0.0,5.2,12,5,1,2
2022-12-18,Anand Vihar,348.3,182.7,308.8,61.7,26.9,4.3,17.6,35.6,6.6,4.3,4.9,12,6,1,2
2022-12-19,Anand Vihar,310.1,159.9,289.4,48.6,25.7,4.12,11.1,62.8,0.3,4.4,6.1,12,0,0,2
2022-12-20,Gurugram,282.5,152.5,232.6,47.3,27.3,3.26,10.7,50.4,4.3,0.0,6.3,12,1,0,2
2022-12-21,Dwarka,311.3,173.3,249.9,56.0,28.0,3.64,20.0,65.3,6.8,0.0,5.6,12,2,0,2
2022-12-22,Dwarka,312.0,173.0,265.4,66.9,24.5,4.43,12.4,63.9,4.7,5.2,5.4,12,3,0,2
2022-12-23,RK Puram,247.6,132.7,217.8,50.1,16.4,3.0,3.9,71.6,2.5,0.2,6.8,12,4,0,2
2022-12-24,Noida,321.0,193.1,264.1,71.1,24.0,4.19,11.1,29.7,5.2,1.9,5.3,12,5,1,2
2022-12-25,Noida,205.6,117.0,187.3,31.6,4.8,2.73,7.9,20.0,0.0,2.4,7.5,12,6,1,2
2022-12-26,Rohini,472.1,257.3,440.8,83.7,32.3,5.81,13.1,55.5,3.6,6.6,4.4,12,0,0,2
2022-12-27,Rohini,296.0,165.2,239.5,65.1,22.5,3.27,11.6,60.8,3.5,0.0,7.1,12,1,0,2
2022-12-28,Gurugram,260.4,134.0,224.4,36.8,23.8,3.59,17.7,65.5,8.7,0.0,6.4,12,2,0,2
2022-12-29,Anand Vihar,443.7,233.7,387.1,73.5,31.7,4.6,11.6,48.8,4.7,2.9,4.7,12,3,0,2
2022-12-30,Noida,364.5,195.6,311.7,53.6,33.0,5.02,10.9,44.0,7.7,0.0,5.7,12,4,0,2
2022-12-31,Dwarka,415.6,222.5,362.2,78.1,34.7,5.03,13.8,85.8,7.6,2.2,4.9,12,5,1,2
2023-01-01,Rohini,219.6,112.9,186.6,39.8,25.6,2.59,21.9,56.1,1.1,0.4,7.2,1,6,1,2
2023-01-02,Rohini,277.4,138.9,246.3,54.1,24.2,3.33,16.1,74.1,3.1,0.4,6.0,1,0,0,2
2023-01-03,ITO,310.3,176.5,258.2,59.0,22.2,3.85,9.9,67.8,2.2,2.0,5.5,1,1,0,2
2023-01-04,Rohini,401.4,210.8,345.0,62.8,31.1,5.33,18.0,50.2,1.1,1.9,5.0,1,2,0,2
2023-01-05,Noida,419.7,198.1,344.5,85.2,33.4,4.87,19.8,48.5,0.0,0.0,5.0,1,3,0,2
2023-01-06,RK Puram,169.4,90.5,138.0,29.6,14.6,1.96,7.7,57.3,0.0,0.0,8.3,1,4,0,1
2023-01-07,Rohini,339.6,178.2,276.5,73.8,26.1,4.41,9.3,49.1,3.0,0.0,6.3,1,5,1,2
2023-01-08,ITO,376.7,210.2,316.5,78.4,26.6,4.83,12.6,47.6,3.4,0.0,5.3,1,6,1,2
2023-01-09,ITO,390.4,197.7,336.9,78.3,36.4,4.5,14.7,50.8,8.5,0.0,4.9,1,0,0,2
2023-01-10,Rohini,435.0,231.2,370.9,83.8,34.2,5.8,16.7,20.0,2.4,0.0,4.8,1,1,0,2
2023-01-11,RK Puram,500.0,276.1,434.3,84.9,40.2,5.66,16.1,45.9,4.8,0.0,3.3,1,2,0,2
2023-01-12,Rohini,300.2,167.0,254.7,55.2,21.9,5.14,20.8,31.3,4.7,0.0,5.7,1,3,0,2
2023-01-13,Anand Vihar,310.0,176.4,272.7,49.8,23.1,3.94,10.0,68.1,5.8,0.5,6.3,1,4,0,2
2023-01-14,RK Puram,381.1,201.9,348.1,70.4,33.0,4.16,7.9,41.5,3.6,0.0,5.2,1,5,1,2
2023-01-15,Rohini,423.5,228.6,365.6,65.2,28.1,5.27,11.8,36.5,5.8,0.0,4.6,1,6,1,2
2023-01-16,Dwarka,325.0,187.0,278.7,48.3,26.8,4.43,12.1,70.3,7.9,5.0,6.1,1,0,0,2
2023-01-17,Dwarka,256.2,147.5,231.0,45.5,17.1,2.82,9.0,49.2,3.3,6.4,7.2,1,1,0,2
2023-01-18,ITO,314.1,172.8,285.4,64.4,19.5,4.06,13.0,51.2,1.8,5.2,6.6,1,2,0,2
2023-01-19,RK Puram,413.8,232.5,344.9,86.7,34.6,4.51,17.3,65.9,4.6,1.4,4.8,1,3,0,2
2023-01-20,RK Puram,293.9,160.4,254.5,47.7,22.6,3.06,19.6,45.6,8.4,4.6,6.3,1,4,0,2
2023-01-21,Rohini,155.2,89.7,98.2,23.8,17.0,2.88,15.5,36.1,1.1,0.4,8.2,1,5,1,1
2023-01-22,ITO,323.7,180.0,311.0,41.5,28.6,3.83,16.8,40.1,3.9,2.1,7.5,1,6,1,2
2023-01-23,Gurugram,293.9,159.9,229.4,45.0,20.2,4.2,20.5,45.3,7.7,0.0,6.2,1,0,0,2
2023-01-24,ITO,482.5,265.5,406.6,87.5,36.6,4.74,24.2,52.3,5.2,0.0,3.6,1,1,0,2
2023-01-25,Rohini,108.8,41.6,108.2,19.7,3.7,1.55,18.9,57.6,3.4,0.7,9.1,1,2,0,1
2023-01-26,RK Puram,500.0,291.2,430.7,94.0,33.2,5.91,9.9,62.4,7.2,0.0,3.7,1,3,0,2
2023-01-27,RK Puram,391.0,212.8,336.6,67.8,34.2,4.76,4.1,64.1,2.8,0.0,4.9,1,4,0,2
2023-01-28,Gurugram,395.4,217.8,360.2,71.0,32.8,4.16,12.9,59.1,0.0,0.6,5.1,1,5,1,2
2023-01-29,Rohini,465.2,273.3,426.2,69.9,38.1,5.63,11.9,57.4,4.1,0.0,4.2,1,6,1,2
2023-01-30,Dwarka,180.2,85.2,178.8,31.5,13.0,2.61,8.4,38.5,4.2,3.1,8.0,1,0,0,1
2023-01-31,Dwarka,358.7,198.0,289.5,66.5,24.7,5.47,12.3,59.7,4.0,0.0,4.6,1,1,0,2
2023-02-01,Noida,141.4,64.0,113.6,23.4,11.0,2.04,10.6,45.9,4.0,0.4,8.3,2,2,0,1
2023-02-02,ITO,202.5,116.6,178.5,36.8,21.9,2.72,11.7,43.3,2.3,1.9,7.2,2,3,0,2
2023-02-03,Gurugram,273.9,159.7,234.7,48.3,21.1,3.66,15.6,84.1,1.4,1.6,6.3,2,4,0,2
2023-02-04,Anand Vihar,182.6,101.6,142.6,23.5,14.6,1.23,10.6,88.3,6.0,0.0,8.4,2,5,1,1
2023-02-05,Anand Vihar,151.5,86.4,109.6,23.9,8.1,2.09,23.0,30.5,0.0,0.0,8.1,2,6,1,1
2023-02-06,ITO,252.1,130.8,193.4,53.3,20.9,3.15,10.9,38.0,0.0,0.0,7.6,2,0,0,2
2023-02-07,Rohini,275.0,142.8,247.7,46.9,20.0,3.38,17.9,85.7,6.5,3.5,6.3,2,1,0,2
2023-02-08,RK Puram,264.7,153.2,219.1,41.4,24.4,2.75,17.2,50.5,0.0,0.0,6.9,2,2,0,2
2023-02-09,Dwarka,374.7,201.8,324.7,72.2,33.8,5.4,16.5,34.2,3.2,0.9,6.4,2,3,0,2
2023-02-10,Gurugram,255.2,132.4,219.4,58.6,19.2,3.05,21.3,45.5,5.5,2.6,6.7,2,4,0,2
2023-02-11,RK Puram,277.6,143.0,227.9,46.2,16.3,2.92,8.3,43.8,1.8,0.0,7.5,2,5,1,2
2023-02-12,ITO,253.5,131.7,233.0,40.4,22.1,2.86,9.7,40.9,6.2,1.1,7.3,2,6,1,2
2023-02-13,Dwarka,349.2,180.1,307.3,59.6,31.1,3.46,7.7,38.4,4.2,0.0,6.0,2,0,0,2
2023-02-14,Noida,263.8,153.3,242.6,56.4,19.0,3.46,5.4,39.7,8.2,0.0,5.8,2,1,0,2
2023-02-15,ITO,240.0,138.9,208.1,41.5,17.9,3.31,16.8,46.1,7.2,0.0,6.6,2,2,0,2
2023-02-16,Anand Vihar,263.5,164.0,202.4,45.3,18.5,3.07,20.9,35.2,2.6,2.0,6.8,2,3,0,2
2023-02-17,Gurugram,289.3,161.1,245.7,47.9,24.0,3.71,5.3,41.9,3.2,0.8,7.0,2,4,0,2
2023-02-18,Anand Vihar,140.1,74.1,114.6,32.5,8.5,1.9,12.5,38.8,3.0,1.0,8.7,2,5,1,1
2023-02-19,Noida,106.7,55.4,115.8,17.0,2.0,0.28,14.2,59.2,5.1,0.5,9.2,2,6,1,1
2023-02-20,Noida,138.2,72.5,88.1,19.8,9.9,1.31,14.2,46.5,3.0,0.0,7.6,2,0,0,1
2023-02-21,ITO,222.4,109.9,172.2,31.3,17.5,2.89,17.7,88.6,0.0,1.8,6.9,2,1,0,2
2023-02-22,RK Puram,238.1,137.8,200.1,43.1,15.5,2.66,8.8,33.8,5.1,0.0,6.4,2,2,0,2
2023-02-23,Rohini,181.3,100.7,156.3,21.3,17.7,2.3,17.7,21.6,4.9,0.0,7.5,2,3,0,1
2023-02-24,ITO,232.1,129.7,186.4,49.0,16.9,2.12,12.6,58.8,2.0,2.6,6.7,2,4,0,2
2023-02-25,Noida,157.5,80.9,116.2,28.6,7.8,2.35,13.5,47.3,6.0,2.9,8.0,2,5,1,1
2023-02-26,Gurugram,124.2,55.2,117.4,25.7,11.4,0.19,11.4,39.5,1.1,0.0,7.9,2,6,1,1
2023-02-27,RK Puram,174.4,99.1,127.1,27.9,14.4,2.94,8.5,64.6,8.2,0.0,7.7,2,0,0,1
2023-02-28,ITO,95.9,52.6,105.3,24.9,5.3,1.35,18.1,51.3,2.2,0.0,9.0,2,1,0,0
2023-03-01,Gurugram,184.2,99.5,156.3,29.3,19.1,3.19,30.3,51.2,4.1,0.0,8.1,3,2,0,1
2023-03-02,Noida,110.7,74.9,75.9,8.6,8.3,1.01,28.7,68.1,0.0,4.7,8.4,3,3,0,1
2023-03-03,RK Puram,140.6,72.5,132.2,16.9,2.0,1.57,27.3,52.0,6.2,1.9,8.4,3,4,0,1
2023-03-04,ITO,141.2,82.1,113.8,19.9,16.2,2.0,16.7,40.0,1.7,0.0,8.7,3,5,1,1
2023-03-05,Dwarka,216.2,117.1,182.1,49.3,14.3,3.25,29.1,47.6,11.5,0.0,7.1,3,6,1,2
2023-03-06,Anand Vihar,159.8,74.5,167.9,24.7,15.7,2.77,16.4,66.9,5.9,4.9,7.4,3,0,0,1
2023-03-07,Gurugram,164.1,89.6,117.8,30.2,17.3,1.96,31.9,34.3,3.9,0.0,8.3,3,1,0,1
2023-03-08,Anand Vihar,265.5,141.6,230.7,44.4,21.6,2.58,28.0,42.8,0.6,5.9,6.1,3,2,0,2
2023-03-09,ITO,92.9,70.1,94.3,29.9,9.0,1.7,24.4,40.3,0.0,3.6,9.6,3,3,0,0
2023-03-10,Gurugram,181.3,96.3,140.8,41.9,15.8,1.45,31.4,57.3,3.0,4.9,7.4,3,4,0,1
2023-03-11,ITO,88.9,57.9,76.1,21.3,14.2,1.59,28.5,42.3,0.0,0.0,8.7,3,5,1,0
2023-03-12,ITO,159.2,107.5,128.5,28.3,7.7,2.22,30.0,72.3,7.3,1.1,7.8,3,6,1,1
2023-03-13,ITO,173.5,87.6,158.1,47.9,9.9,1.91,29.2,61.8,2.3,0.0,8.5,3,0,0,1
2023-03-14,Dwarka,251.2,155.9,195.2,53.8,24.1,2.17,26.5,48.4,0.0,0.0,7.3,3,1,0,2
2023-03-15,Rohini,138.8,76.4,95.8,21.1,5.4,2.01,31.6,24.0,8.0,7.5,8.3,3,2,0,1
2023-03-16,RK Puram,153.4,88.9,123.4,18.9,12.8,1.77,30.5,50.8,0.6,0.0,7.7,3,3,0,1
2023-03-17,Gurugram,212.8,104.4,178.4,38.9,10.0,2.72,22.8,75.7,5.6,0.0,7.0,3,4,0,2
2023-03-18,Gurugram,151.4,77.4,127.5,11.1,14.3,2.99,25.2,55.6,6.6,3.8,8.0,3,5,1,1
2023-03-19,ITO,143.6,87.6,128.1,29.0,9.8,1.95,26.7,58.3,0.0,0.0,9.1,3,6,1,1
2023-03-20,Anand Vihar,167.7,89.0,106.5,19.2,9.0,2.06,29.7,49.2,2.9,0.0,8.3,3,0,0,1
2023-03-21,Anand Vihar,217.2,113.2,186.1,41.8,13.4,2.62,20.7,23.5,5.1,0.0,7.4,3,1,0,2
2023-03-22,RK Puram,97.2,30.8,79.5,10.3,9.1,0.34,25.4,64.5,2.0,0.0,8.9,3,2,0,0
2023-03-23,ITO,159.0,93.7,133.9,30.3,6.2,2.85,27.2,60.5,1.5,0.9,7.4,3,3,0,1
2023-03-24,RK Puram,56.2,39.4,28.7,15.6,4.7,1.47,23.7,92.2,0.0,0.0,8.4,3,4,0,0
2023-03-25,Rohini,177.7,94.9,149.4,56.8,13.2,2.39,24.8,54.4,3.3,0.0,8.7,3,5,1,1
2023-03-26,Anand Vihar,180.4,98.0,118.3,22.2,15.8,2.31,31.4,38.3,4.8,0.0,7.9,3,6,1,1
2023-03-27,Dwarka,51.9,20.4,46.8,5.0,3.1,0.64,29.3,33.3,7.6,0.0,8.5,3,0,0,0
2023-03-28,RK Puram,77.6,45.8,75.9,19.3,13.3,0.1,22.0,59.9,0.7,0.0,10.0,3,1,0,0
2023-03-29,RK Puram,185.1,131.1,142.5,26.0,12.6,2.34,25.6,59.2,1.1,0.0,6.8,3,2,0,1
2023-03-30,Anand Vihar,115.3,74.3,79.2,10.9,13.1,0.7,27.1,47.6,4.7,0.0,8.1,3,3,0,1
2023-03-31,ITO,132.4,76.4,98.9,34.0,6.7,0.78,29.9,37.7,5.0,0.0,9.0,3,4,0,1
2023-04-01,Dwarka,179.7,84.9,145.5,31.2,7.6,2.51,26.9,29.1,0.0,3.3,7.6,4,5,1,1
2023-04-02,RK Puram,80.9,44.9,85.2,14.0,2.0,0.9,33.3,36.6,2.8,0.0,7.5,4,6,1,0
2023-04-03,Dwarka,130.1,72.6,117.7,22.5,10.8,0.74,22.8,66.3,4.6,0.0,8.6,4,0,0,1
2023-04-04,Noida,189.6,110.7,162.4,20.1,11.7,2.61,28.8,67.7,5.2,0.0,7.2,4,1,0,1
2023-04-05,Anand Vihar,112.2,90.6,99.5,13.5,14.3,2.02,37.0,81.3,6.1,0.0,8.5,4,2,0,1
2023-04-06,Noida,99.2,59.5,96.8,13.0,12.6,0.36,20.5,52.0,4.1,0.0,9.2,4,3,0,0
2023-04-07,Dwarka,143.9,96.5,107.7,43.6,9.1,1.06,26.9,98.6,6.7,1.8,8.6,4,4,0,1
2023-04-08,Dwarka,133.4,83.1,113.4,29.5,2.1,1.82,24.8,74.8,5.9,0.7,8.6,4,5,1,1
2023-04-09,Gurugram,113.5,54.1,122.9,21.8,16.1,1.61,31.8,64.1,0.3,0.9,8.0,4,6,1,1
2023-04-10,ITO,157.5,91.3,116.3,19.4,10.1,1.42,25.3,46.8,6.5,0.0,7.2,4,0,0,1
2023-04-11,Rohini,175.7,84.9,152.7,32.7,21.9,2.5,29.5,63.6,3.6,0.0,8.6,4,1,0,1
2023-04-12,ITO,118.0,75.6,77.7,5.5,7.1,0.6,25.9,57.5,1.3,0.0,8.6,4,2,0,1
2023-04-13,Rohini,100.9,61.4,96.7,24.8,12.0,1.07,38.3,44.7,4.3,3.9,9.0,4,3,0,1
2023-04-14,Dwarka,52.3,42.5,59.7,6.5,7.6,0.8,35.5,51.1,7.1,7.9,9.6,4,4,0,0
2023-04-15,Dwarka,246.5,126.5,208.9,50.5,23.0,2.4,22.5,44.9,5.6,2.0,7.0,4,5,1,2
2023-04-16,ITO,191.4,92.5,149.3,23.8,20.7,3.07,29.6,68.3,4.4,0.0,7.4,4,6,1,1
2023-04-17,Anand Vihar,93.7,50.2,91.2,17.1,8.7,1.32,29.2,60.5,3.6,4.9,10.1,4,0,0,0
2023-04-18,ITO,126.1,63.5,110.7,13.6,11.5,1.07,33.3,85.1,1.4,1.6,8.1,4,1,0,1
2023-04-19,Dwarka,96.1,45.3,87.5,5.0,5.9,0.73,32.4,56.9,0.3,0.0,8.4,4,2,0,0
2023-04-20,Gurugram,212.7,108.8,159.0,40.7,14.8,3.49,28.2,38.0,0.6,3.3,7.1,4,3,0,2
2023-04-21,ITO,25.7,5.0,19.7,15.3,10.9,0.13,20.8,69.4,6.6,0.0,9.4,4,4,0,0
2023-04-22,RK Puram,171.6,92.8,132.1,31.6,7.5,2.13,32.4,31.2,0.0,4.7,7.5,4,5,1,1
2023-04-23,RK Puram,123.6,54.5,99.1,40.1,6.1,1.02,35.6,52.9,7.2,0.0,8.4,4,6,1,1
2023-04-24,Anand Vihar,172.1,94.4,165.5,39.6,9.5,1.73,32.8,20.0,3.6,0.0,7.6,4,0,0,1
2023-04-25,Gurugram,84.1,33.6,50.9,15.8,10.6,2.04,30.9,73.7,0.4,6.5,8.0,4,1,0,0
2023-04-26,ITO,82.5,36.4,45.5,14.9,2.0,0.86,34.9,68.0,3.9,0.0,9.9,4,2,0,0
2023-04-27,Anand Vihar,158.0,79.6,121.2,24.8,17.8,2.42,27.9,65.3,0.0,2.4,7.5,4,3,0,1
2023-04-28,Rohini,101.5,69.1,100.2,13.4,10.1,1.49,31.2,24.6,7.0,0.0,8.6,4,4,0,1
2023-04-29,ITO,70.7,16.6,54.1,18.8,6.7,0.65,22.5,55.2,1.0,0.8,9.2,4,5,1,0
2023-04-30,ITO,105.8,58.9,104.4,26.8,10.4,1.09,31.7,48.6,0.8,0.0,8.7,4,6,1,1
2023-05-01,ITO,117.4,54.2,106.1,21.4,13.0,1.81,41.6,36.2,5.9,2.0,8.0,5,0,0,1
2023-05-02,ITO,188.9,101.5,182.6,38.0,16.9,1.67,40.7,36.1,0.6,0.0,7.3,5,1,0,1
2023-05-03,Anand Vihar,167.7,95.3,134.3,25.3,14.6,2.08,41.1,69.5,1.9,2.6,7.4,5,2,0,1
2023-05-04,Noida,145.9,67.9,133.1,35.1,14.5,2.91,35.9,64.4,3.7,3.7,8.2,5,3,0,1
2023-05-05,Anand Vihar,56.4,43.0,42.7,11.3,2.0,0.41,42.5,30.8,6.2,0.5,9.2,5,4,0,0
2023-05-06,ITO,152.2,85.1,128.7,20.0,11.7,1.75,37.3,50.5,4.2,0.0,8.7,5,5,1,1
2023-05-07,Dwarka,93.1,72.1,91.5,16.7,6.1,0.82,30.1,24.0,9.7,4.7,8.5,5,6,1,0
2023-05-08,Gurugram,120.6,80.2,129.3,19.7,2.0,1.04,36.3,46.1,3.4,3.4,9.1,5,0,0,1
2023-05-09,Noida,196.7,108.5,173.7,33.4,10.4,2.99,39.3,31.0,5.3,5.1,7.5,5,1,0,1
2023-05-10,ITO,42.5,7.5,26.2,5.0,6.6,0.57,32.9,63.2,0.0,1.0,9.1,5,2,0,0
2023-05-11,Dwarka,149.1,85.6,128.0,38.7,7.8,1.71,35.4,50.7,5.6,0.0,8.0,5,3,0,1
2023-05-12,RK Puram,101.7,60.9,83.0,9.2,4.9,1.87,38.6,41.7,5.5,0.0,9.5,5,4,0,1
2023-05-13,ITO,99.9,31.7,79.6,14.1,7.4,0.88,45.3,57.8,2.5,0.0,9.5,5,5,1,0
2023-05-14,RK Puram,85.8,55.0,59.4,9.3,5.0,0.1,39.3,45.9,6.9,0.0,8.6,5,6,1,0
2023-05-15,Anand Vihar,157.7,92.9,108.9,33.7,12.1,2.65,33.5,41.5,2.9,0.0,7.9,5,0,0,1
2023-05-16,Anand Vihar,140.6,77.7,114.8,26.3,2.0,0.77,40.5,65.6,1.3,0.0,8.4,5,1,0,1
2023-05-17,Rohini,132.3,52.1,123.7,25.7,6.6,0.87,38.5,71.1,3.3,0.0,8.4,5,2,0,1
2023-05-18,Gurugram,186.4,92.2,164.1,41.5,19.6,2.2,36.6,68.4,0.4,1.3,7.0,5,3,0,1
2023-05-19,Anand Vihar,108.6,55.6,101.4,19.9,9.5,1.59,35.2,69.6,0.0,0.0,9.3,5,4,0,1
2023-05-20,RK Puram,122.5,84.3,106.3,5.0,11.2,1.3,37.7,44.5,6.4,3.4,8.6,5,5,1,1
2023-05-21,ITO,152.8,79.5,132.9,32.1,9.6,2.02,42.3,46.7,4.2,1.5,8.4,5,6,1,1
2023-05-22,Noida,101.1,50.5,70.6,20.4,2.0,0.34,37.3,51.2,2.9,0.0,8.3,5,0,0,1
2023-05-23,Rohini,166.2,80.4,141.1,22.1,15.9,1.64,37.6,47.9,4.4,5.0,7.8,5,1,0,1
2023-05-24,Gurugram,143.3,76.9,143.9,25.6,14.3,2.46,37.2,53.3,7.9,0.0,7.5,5,2,0,1
2023-05-25,Anand Vihar,174.6,95.7,140.8,39.8,15.8,1.41,38.9,32.7,1.1,0.0,7.8,5,3,0,1
2023-05-26,RK Puram,121.9,64.4,80.5,34.7,10.2,2.18,37.0,36.8,4.8,0.0,7.9,5,4,0,1
2023-05-27,Rohini,184.1,89.9,150.7,36.4,8.9,2.47,27.3,57.4,1.0,0.0,8.0,5,5,1,1
2023-05-28,RK Puram,97.3,45.7,85.8,23.0,11.6,0.55,46.8,61.5,4.0,3.3,10.0,5,6,1,0
2023-05-29,Anand Vihar,100.3,46.0,53.3,9.3,7.5,1.96,39.6,53.5,0.6,0.0,8.4,5,0,0,1
2023-05-30,Dwarka,97.0,45.8,76.6,20.5,2.5,0.97,37.8,33.5,9.4,0.0,8.5,5,1,0,0
2023-05-31,RK Puram,67.6,43.4,84.6,17.4,9.7,0.98,35.3,59.8,3.7,1.1,8.7,5,2,0,0
2023-06-01,Anand Vihar,131.0,80.4,101.9,30.5,2.0,1.21,34.3,31.2,7.4,1.2,8.7,6,3,0,1
2023-06-02,Anand Vihar,214.9,119.6,181.4,39.9,18.4,2.44,38.7,26.4,8.2,1.4,7.1,6,4,0,2
2023-06-03,ITO,161.2,88.8,139.1,24.9,9.2,1.06,35.2,57.1,5.9,0.0,8.2,6,5,1,1
2023-06-04,Anand Vihar,207.8,103.1,194.1,36.8,19.8,2.41,42.7,32.6,7.2,3.6,6.2,6,6,1,2
2023-06-05,Noida,190.0,115.2,182.9,45.7,16.3,1.3,39.8,65.7,7.8,5.2,8.1,6,0,0,1
2023-06-06,Rohini,115.3,77.6,99.0,9.7,3.0,1.51,35.2,24.2,3.3,0.0,8.7,6,1,0,1
2023-06-07,Noida,167.9,100.4,147.7,53.7,9.3,1.16,36.4,26.5,3.5,0.0,7.4,6,2,0,1
2023-06-08,Noida,129.3,66.2,94.5,22.5,9.6,1.76,39.2,47.0,3.5,3.2,8.3,6,3,0,1
2023-06-09,Noida,226.1,132.5,189.2,43.1,24.8,1.65,39.7,82.0,8.8,5.0,6.9,6,4,0,2
2023-06-10,Noida,98.7,71.1,71.6,23.6,2.7,1.08,42.0,46.3,6.9,0.0,8.1,6,5,1,0
2023-06-11,Noida,127.3,76.9,101.9,30.7,5.7,0.98,40.7,48.7,6.6,2.7,8.1,6,6,1,1
2023-06-12,ITO,213.1,128.9,186.7,25.2,14.9,2.69,31.2,20.0,2.7,0.8,7.1,6,0,0,2
2023-06-13,Rohini,87.0,52.3,52.4,9.0,2.0,0.33,38.7,20.5,3.6,0.0,8.6,6,1,0,0
2023-06-14,Rohini,219.5,115.2,175.8,39.5,13.1,2.2,36.3,54.4,13.5,0.0,7.5,6,2,0,2
2023-06-15,RK Puram,136.4,69.2,112.0,19.5,8.6,2.57,34.6,86.6,9.3,0.3,8.5,6,3,0,1
2023-06-16,ITO,165.9,86.1,155.3,23.6,9.8,2.84,38.1,38.5,8.0,2.6,8.2,6,4,0,1
2023-06-17,RK Puram,129.8,90.7,114.2,23.3,14.5,2.1,34.8,42.1,4.0,1.2,8.7,6,5,1,1
2023-06-18,RK Puram,79.0,35.1,58.8,7.3,9.7,0.1,34.5,49.3,8.6,5.1,9.8,6,6,1,0
2023-06-19,Anand Vihar,99.6,64.9,137.6,8.0,9.8,0.84,35.8,39.2,4.6,0.0,8.0,6,0,0,0
2023-06-20,Anand Vihar,183.3,106.5,164.7,30.9,10.7,1.94,35.2,55.9,3.0,1.8,7.7,6,1,0,1
2023-06-21,RK Puram,122.4,78.0,84.7,13.3,20.0,2.34,37.9,53.9,6.1,1.3,8.1,6,2,0,1
2023-06-22,RK Puram,78.0,32.1,66.6,26.8,5.7,0.87,31.2,45.7,11.5,0.0,8.9,6,3,0,0
2023-06-23,RK Puram,130.0,84.5,124.9,9.0,14.7,0.64,41.6,44.5,10.1,0.0,9.0,6,4,0,1
2023-06-24,Noida,67.8,53.3,47.9,17.7,5.5,0.82,35.6,61.6,8.5,0.3,8.9,6,5,1,0
2023-06-25,Rohini,145.6,82.0,131.8,21.6,11.3,1.72,41.3,34.0,7.8,5.7,8.8,6,6,1,1
2023-06-26,ITO,148.8,74.6,152.1,42.3,15.3,2.11,37.1,55.9,5.5,0.0,7.4,6,0,0,1
2023-06-27,Gurugram,108.7,59.6,91.5,24.3,12.5,1.78,42.3,40.5,7.1,2.3,8.4,6,1,0,1
2023-06-28,Rohini,117.4,60.4,87.2,15.1,9.9,1.33,40.1,50.8,8.2,1.8,9.2,6,2,0,1
2023-06-29,RK Puram,219.5,123.6,187.0,46.5,20.5,2.48,39.6,49.5,5.4,3.9,7.3,6,3,0,2
2023-06-30,Dwarka,225.4,125.1,185.1,37.9,19.3,3.52,44.5,49.2,8.8,0.0,6.9,6,4,0,2
2023-07-01,Anand Vihar,152.6,68.2,115.8,9.2,9.1,2.21,30.8,71.9,3.4,26.0,7.8,7,5,1,1
2023-07-02,Dwarka,38.1,32.1,11.9,9.5,7.3,0.23,34.0,23.2,11.3,10.6,9.4,7,6,1,0
2023-07-03,Dwarka,138.0,68.8,119.1,26.7,7.3,1.46,31.4,89.1,1.8,34.1,7.8,7,0,0,1
2023-07-04,RK Puram,99.9,67.8,105.8,15.9,8.1,0.73,36.4,42.3,9.6,0.0,8.2,7,1,0,0
2023-07-05,ITO,46.4,26.1,52.4,5.0,10.4,0.1,35.6,75.1,2.9,64.2,9.4,7,2,0,0
2023-07-06,Dwarka,54.5,17.4,59.5,9.5,8.7,0.74,26.2,81.4,2.0,0.0,8.9,7,3,0,0
2023-07-07,Gurugram,103.2,74.3,82.2,11.8,11.0,1.02,29.5,57.8,7.9,36.8,7.7,7,4,0,1
2023-07-08,RK Puram,121.5,61.2,104.1,27.7,2.6,1.1,29.9,71.2,9.6,12.0,7.2,7,5,1,1
2023-07-09,ITO,47.4,29.2,47.4,13.3,2.0,1.25,29.8,75.3,10.2,0.0,9.7,7,6,1,0
2023-07-10,Noida,20.0,5.0,34.4,5.0,2.0,0.1,38.0,64.7,5.7,12.5,10.7,7,0,0,0
2023-07-11,ITO,60.6,31.6,60.5,21.9,6.3,1.32,29.1,58.8,5.8,16.3,9.1,7,1,0,0
2023-07-12,Gurugram,88.0,73.5,100.9,5.0,5.3,2.27,30.3,96.3,6.7,5.3,9.3,7,2,0,0
2023-07-13,RK Puram,103.7,58.4,89.1,25.2,4.9,0.37,32.5,69.2,12.5,0.0,9.3,7,3,0,1
2023-07-14,Rohini,72.7,57.4,63.1,5.0,2.0,0.1,27.0,95.4,14.2,0.0,9.1,7,4,0,0
2023-07-15,ITO,77.3,44.1,75.6,5.6,12.9,1.05,34.2,55.6,11.9,4.9,9.2,7,5,1,0
2023-07-16,Dwarka,31.4,15.4,21.4,5.0,2.0,0.52,36.1,64.8,7.8,0.0,9.5,7,6,1,0
2023-07-17,Gurugram,131.0,79.3,138.7,22.9,13.1,1.28,39.4,94.8,8.0,17.7,9.0,7,0,0,1
2023-07-18,Dwarka,68.9,42.2,28.5,19.4,15.2,1.07,31.2,62.6,10.1,4.8,9.6,7,1,0,0
2023-07-19,Rohini,47.0,25.0,51.5,5.0,9.2,1.55,31.9,83.7,4.8,31.5,9.9,7,2,0,0
2023-07-20,Anand Vihar,96.6,39.2,78.6,16.1,7.5,0.5,34.1,80.4,5.8,0.0,8.4,7,3,0,0
2023-07-21,Dwarka,73.1,44.8,16.4,21.3,11.6,0.35,29.1,58.2,5.7,14.5,8.1,7,4,0,0
2023-07-22,Noida,108.1,46.9,77.2,16.1,8.8,1.22,29.7,66.3,8.5,24.0,9.4,7,5,1,1
2023-07-23,Dwarka,29.3,45.5,35.7,24.2,7.9,0.47,32.9,64.5,2.8,10.4,10.2,7,6,1,0
2023-07-24,Dwarka,55.6,23.1,55.0,5.0,2.0,1.33,29.1,77.9,1.8,39.0,8.7,7,0,0,0
2023-07-25,RK Puram,84.6,34.6,101.0,9.1,9.4,1.54,30.3,80.6,10.3,44.6,8.7,7,1,0,0
2023-07-26,Anand Vihar,72.4,59.6,54.9,22.7,6.4,1.06,34.7,77.7,7.0,20.6,9.3,7,2,0,0
2023-07-27,Noida,109.8,73.2,94.5,9.3,7.4,1.34,26.5,85.8,8.4,17.6,9.3,7,3,0,1
2023-07-28,Gurugram,83.3,55.7,67.3,20.4,2.0,1.31,25.3,60.9,2.9,22.7,9.0,7,4,0,0
2023-07-29,ITO,85.2,46.7,68.7,11.9,6.8,0.46,35.1,38.1,9.6,3.5,8.3,7,5,1,0
2023-07-30,Rohini,41.1,10.3,35.4,16.7,6.4,0.45,29.0,67.4,5.9,14.0,8.6,7,6,1,0
2023-07-31,ITO,98.5,36.4,106.3,23.9,5.9,1.8,31.2,58.1,9.4,0.0,9.3,7,0,0,0
2023-08-01,Rohini,92.5,42.7,86.7,14.6,5.9,0.88,25.0,50.5,11.5,0.0,7.9,8,1,0,0
2023-08-02,RK Puram,63.0,30.4,62.8,18.9,3.8,0.14,35.8,63.6,13.2,0.0,9.3,8,2,0,0
2023-08-03,RK Puram,108.1,55.9,101.2,26.1,2.6,1.31,25.2,63.1,6.9,19.8,8.1,8,3,0,1
2023-08-04,Rohini,20.0,28.3,18.8,9.6,2.0,0.1,25.3,68.1,5.7,0.0,9.5,8,4,0,0
2023-08-05,Dwarka,57.2,40.7,70.8,9.2,2.0,0.81,37.4,40.7,5.1,22.2,9.4,8,5,1,0
2023-08-06,RK Puram,62.0,44.3,46.6,5.0,2.0,1.37,33.8,66.3,6.7,0.0,8.7,8,6,1,0
2023-08-07,Rohini,20.0,10.7,10.0,14.7,6.9,1.2,32.1,82.8,8.9,14.2,9.5,8,0,0,0
2023-08-08,Anand Vihar,20.0,19.6,21.0,14.1,2.0,0.1,31.4,42.0,4.6,29.4,10.2,8,1,0,0
2023-08-09,RK Puram,40.3,10.8,36.6,5.0,5.2,0.1,28.6,65.8,12.4,17.6,9.2,8,2,0,0
2023-08-10,Dwarka,30.0,5.0,25.0,5.0,2.0,0.95,34.0,64.6,12.1,23.3,9.2,8,3,0,0
2023-08-11,ITO,86.5,51.8,85.6,16.5,7.8,0.91,28.0,62.4,6.0,0.0,9.6,8,4,0,0
2023-08-12,RK Puram,114.9,61.9,90.0,24.6,5.8,1.53,29.8,51.5,6.1,2.5,8.5,8,5,1,1
2023-08-13,ITO,20.0,7.8,10.0,12.4,4.3,1.46,34.5,55.3,5.3,0.1,9.4,8,6,1,0
2023-08-14,RK Puram,178.5,109.2,159.1,19.3,15.9,2.68,29.4,79.5,10.1,47.0,7.6,8,0,0,1
2023-08-15,ITO,47.5,32.2,42.0,8.7,2.0,0.62,25.8,68.3,11.9,0.0,9.2,8,1,0,0
2023-08-16,Noida,105.4,57.3,96.9,27.6,7.1,2.03,25.6,76.4,5.5,37.4,8.8,8,2,0,1
2023-08-17,Rohini,82.5,39.6,86.9,5.0,3.9,0.32,32.7,58.7,9.9,7.8,8.2,8,3,0,0
2023-08-18,Anand Vihar,41.4,28.1,23.1,5.7,9.5,0.99,34.7,57.5,9.6,5.3,9.4,8,4,0,0
2023-08-19,Anand Vihar,107.0,65.9,103.1,32.1,12.2,0.72,34.7,80.2,10.0,6.1,8.9,8,5,1,1
2023-08-20,Anand Vihar,126.3,62.2,94.2,25.4,4.8,1.39,33.0,84.5,10.0,0.0,9.0,8,6,1,1
2023-08-21,ITO,113.6,84.5,65.6,8.1,14.4,2.15,29.4,66.0,10.1,5.4,8.7,8,0,0,1
2023-08-22,Anand Vihar,67.9,38.5,32.6,33.9,7.5,0.92,33.8,75.6,7.6,0.0,9.5,8,1,0,0
2023-08-23,RK Puram,136.9,82.1,128.8,16.6,11.3,1.38,34.1,77.0,12.9,0.0,8.0,8,2,0,1
2023-08-24,Anand Vihar,133.7,63.3,122.7,35.8,10.6,2.9,26.8,75.4,11.5,27.8,8.2,8,3,0,1
2023-08-25,Gurugram,86.4,50.9,77.9,10.5,8.3,1.59,31.1,83.1,2.7,54.4,8.9,8,4,0,0
2023-08-26,Gurugram,70.4,38.2,76.8,13.6,2.5,0.38,30.6,66.1,11.6,0.0,9.0,8,5,1,0
2023-08-27,Gurugram,46.8,8.5,41.6,12.0,2.0,1.27,29.5,33.4,12.5,0.0,9.9,8,6,1,0
2023-08-28,Dwarka,76.7,43.4,67.5,9.2,2.5,0.7,32.7,74.0,10.6,0.1,9.2,8,0,0,0
2023-08-29,Noida,118.2,54.9,95.0,27.8,9.9,1.96,31.0,50.0,14.6,0.0,8.3,8,1,0,1
2023-08-30,ITO,157.1,77.5,134.6,23.1,11.3,2.89,31.1,70.4,9.6,0.0,7.6,8,2,0,1
2023-08-31,ITO,47.5,32.0,10.0,5.0,10.1,0.23,30.5,84.1,5.6,25.3,10.0,8,3,0,0
2023-09-01,RK Puram,274.4,179.6,219.7,72.0,20.5,3.0,33.0,56.3,5.2,0.0,6.5,9,4,0,2
2023-09-02,Noida,115.2,47.3,111.2,5.6,11.7,1.28,36.0,60.0,0.0,0.0,8.6,9,5,1,1
2023-09-03,Gurugram,83.3,30.9,53.9,18.1,2.0,1.56,31.8,66.3,3.2,2.3,9.4,9,6,1,0
2023-09-04,RK Puram,178.5,98.6,120.4,29.2,13.3,1.77,30.3,69.5,6.3,0.9,8.1,9,0,0,1
2023-09-05,Rohini,156.1,76.8,134.8,30.6,6.6,2.18,36.0,62.4,8.1,0.0,8.5,9,1,0,1
2023-09-06,Dwarka,20.0,12.5,40.0,5.0,2.0,0.28,30.5,56.8,2.7,3.9,10.3,9,2,0,0
2023-09-07,Dwarka,209.0,100.8,192.3,35.5,11.2,3.18,38.3,64.4,10.5,0.3,7.2,9,3,0,2
2023-09-08,Anand Vihar,224.9,116.6,180.7,37.3,13.7,2.85,32.9,85.1,0.0,0.0,7.6,9,4,0,2
2023-09-09,Anand Vihar,170.4,83.8,155.7,31.4,6.8,1.58,30.5,63.9,9.7,0.7,7.4,9,5,1,1
2023-09-10,Anand Vihar,177.1,93.8,153.3,31.6,19.5,2.28,35.3,74.2,0.0,0.0,7.8,9,6,1,1
2023-09-11,Noida,159.6,104.3,166.9,28.5,10.8,1.83,34.1,84.2,5.7,0.3,8.8,9,0,0,1
2023-09-12,RK Puram,199.6,101.8,155.4,24.4,14.2,2.55,31.4,68.0,7.7,0.0,8.7,9,1,0,1
2023-09-13,Dwarka,50.4,5.0,40.8,5.0,4.3,0.1,32.2,58.8,8.5,4.2,9.8,9,2,0,0
2023-09-14,Gurugram,30.8,31.8,10.0,15.1,2.4,0.34,32.2,70.1,1.1,0.0,9.8,9,3,0,0
2023-09-15,Anand Vihar,223.4,116.6,179.3,29.9,18.2,2.14,28.5,58.6,2.5,0.0,7.4,9,4,0,2
2023-09-16,Dwarka,172.5,87.1,141.4,38.0,14.4,2.34,35.8,71.5,0.0,0.8,7.5,9,5,1,1
2023-09-17,Noida,154.5,94.4,141.4,22.9,9.2,0.82,32.5,63.8,7.4,1.1,8.7,9,6,1,1
2023-09-18,Rohini,198.9,112.9,143.1,34.8,10.0,1.81,29.3,74.9,3.6,0.1,7.4,9,0,0,1
2023-09-19,Rohini,240.9,136.9,207.3,24.2,16.6,2.65,26.4,47.6,0.0,0.0,7.4,9,1,0,2
2023-09-20,Anand Vihar,158.8,68.1,112.8,33.9,11.9,1.82,29.2,68.6,1.6,0.2,7.4,9,2,0,1
2023-09-21,Gurugram,193.4,110.6,164.2,32.1,19.0,2.76,29.2,62.3,4.8,0.0,7.9,9,3,0,1
2023-09-22,Noida,160.7,70.3,176.1,34.8,8.9,2.04,28.0,57.6,0.0,0.0,7.2,9,4,0,1
2023-09-23,Anand Vihar,224.7,126.2,182.6,44.2,15.8,2.44,27.4,78.9,2.8,0.5,6.7,9,5,1,2
2023-09-24,Anand Vihar,193.4,101.3,122.4,35.1,18.6,3.66,30.7,55.0,5.0,0.0,8.2,9,6,1,1
2023-09-25,Gurugram,158.1,89.6,122.6,24.7,17.1,2.7,36.6,76.4,3.2,0.0,8.2,9,0,0,1
2023-09-26,Rohini,93.1,64.8,80.0,22.2,10.1,0.61,34.6,60.3,3.2,6.3,9.1,9,1,0,0
2023-09-27,Noida,271.9,111.2,249.7,44.6,18.5,3.06,30.7,74.2,0.0,0.0,6.8,9,2,0,2
2023-09-28,ITO,140.7,80.4,117.4,29.7,14.8,1.61,29.6,45.2,4.8,6.5,7.7,9,3,0,1
2023-09-29,Dwarka,196.2,117.1,159.6,31.9,24.4,2.23,34.2,65.1,0.0,0.0,7.3,9,4,0,1
2023-09-30,Rohini,197.9,101.3,191.3,33.4,23.9,1.56,31.2,62.7,3.9,2.1,9.2,9,5,1,1
2023-10-01,ITO,174.3,77.1,132.8,32.3,19.7,2.65,24.9,45.2,4.8,0.0,8.7,10,6,1,1
2023-10-02,Anand Vihar,205.9,100.4,163.8,45.4,19.5,2.56,26.3,33.0,1.6,0.9,6.9,10,0,0,2
2023-10-03,ITO,383.2,202.1,342.8,66.4,36.2,5.0,12.2,34.9,6.8,0.5,4.7,10,1,0,2
2023-10-04,Noida,324.4,202.2,274.0,71.7,27.2,4.05,31.4,61.7,5.1,0.0,5.2,10,2,0,2
2023-10-05,Dwarka,179.5,107.0,164.5,20.9,22.0,1.83,22.9,36.5,12.1,0.7,7.3,10,3,0,1
2023-10-06,Rohini,240.9,138.0,203.1,40.1,22.2,2.78,19.2,71.6,0.0,4.6,7.2,10,4,0,2
2023-10-07,Gurugram,205.5,113.6,172.8,35.3,21.0,2.54,26.8,65.5,5.2,0.0,6.8,10,5,1,2
2023-10-08,Rohini,224.0,123.1,194.3,51.5,28.1,2.42,23.1,51.1,4.3,1.1,7.0,10,6,1,2
2023-10-09,RK Puram,118.4,69.4,112.2,38.9,13.3,1.39,20.4,41.5,2.2,2.0,8.6,10,0,0,1
2023-10-10,Noida,232.2,131.4,205.8,42.7,22.9,2.49,25.6,32.5,0.0,2.3,7.1,10,1,0,2
2023-10-11,Rohini,204.8,99.0,160.2,43.3,17.3,2.51,25.2,51.4,7.7,0.4,6.7,10,2,0,2
2023-10-12,Gurugram,184.7,87.4,136.4,32.7,17.0,2.62,27.3,57.4,0.0,0.0,8.2,10,3,0,1
2023-10-13,Rohini,257.3,147.8,216.2,57.1,11.1,4.11,17.2,40.6,3.9,0.0,7.3,10,4,0,2
2023-10-14,ITO,248.7,130.4,202.1,48.3,21.2,2.38,25.8,46.9,0.0,0.0,7.7,10,5,1,2
2023-10-15,ITO,172.4,88.5,157.7,28.7,14.4,2.15,24.8,49.6,5.5,0.0,8.5,10,6,1,1
2023-10-16,ITO,142.1,95.8,139.5,41.9,13.3,1.78,20.0,54.0,3.6,2.3,7.7,10,0,0,1
2023-10-17,RK Puram,280.9,145.9,262.6,44.6,13.8,3.6,19.6,64.8,2.9,1.8,7.2,10,1,0,2
2023-10-18,Noida,245.3,119.5,207.4,40.4,17.9,2.59,26.9,20.0,8.3,3.0,7.0,10,2,0,2
2023-10-19,Anand Vihar,200.0,129.2,150.2,51.9,19.0,2.61,20.1,58.6,1.8,3.8,7.0,10,3,0,2
2023-10-20,ITO,303.2,173.6,248.2,64.1,31.4,3.51,15.2,39.7,11.3,0.0,7.1,10,4,0,2
2023-10-21,Noida,266.1,140.4,235.1,47.9,23.6,3.31,25.9,43.5,4.7,0.0,7.3,10,5,1,2
2023-10-22,RK Puram,271.6,147.8,228.2,40.9,14.8,3.87,21.2,46.0,1.8,0.0,6.4,10,6,1,2
2023-10-23,Gurugram,276.5,164.7,245.6,54.9,28.9,3.48,26.6,45.2,0.0,0.0,6.5,10,0,0,2
2023-10-24,Gurugram,228.7,121.2,194.5,28.7,18.9,2.59,20.5,50.7,0.0,0.2,7.4,10,1,0,2
2023-10-25,ITO,241.8,132.1,223.0,40.3,22.2,3.37,24.8,20.0,4.1,3.7,7.2,10,2,0,2
2023-10-26,RK Puram,335.6,187.1,280.9,64.8,27.4,3.65,22.8,37.0,4.0,0.5,6.6,10,3,0,2
2023-10-27,Rohini,218.1,103.7,194.8,37.1,19.7,3.55,15.4,39.5,3.4,4.4,6.5,10,4,0,2
2023-10-28,Dwarka,203.7,120.5,164.6,46.9,10.0,2.24,22.8,52.3,0.0,4.1,7.7,10,5,1,2
2023-10-29,Dwarka,169.8,68.3,132.8,26.9,15.9,2.15,23.3,49.8,1.1,0.0,8.2,10,6,1,1
2023-10-30,Dwarka,137.1,80.9,109.5,38.3,3.9,1.03,21.8,44.7,8.4,0.1,8.2,10,0,0,1
2023-10-31,RK Puram,129.9,84.2,93.4,27.5,7.9,2.37,20.9,67.2,4.6,0.8,7.4,10,1,0,1
2023-11-01,Dwarka,397.6,216.1,334.2,86.3,35.4,4.55,19.0,67.9,6.5,2.1,5.0,11,2,0,2
2023-11-02,Noida,496.5,281.0,447.0,86.8,43.2,5.47,21.3,55.8,6.4,3.4,4.6,11,3,0,2
2023-11-03,Gurugram,426.1,240.6,359.1,68.3,37.5,5.75,33.9,54.0,0.9,0.0,4.6,11,4,0,2
2023-11-04,RK Puram,416.3,217.7,374.5,91.2,33.9,5.25,24.8,58.0,3.6,0.0,5.2,11,5,1,2
2023-11-05,Dwarka,253.0,151.9,213.3,52.3,22.8,3.11,26.3,53.7,3.6,1.2,7.6,11,6,1,2
2023-11-06,Anand Vihar,364.6,214.7,296.8,64.7,27.4,3.79,22.7,66.6,5.7,1.9,5.5,11,0,0,2
2023-11-07,ITO,433.4,239.5,336.9,64.2,35.6,5.08,26.9,49.0,3.5,0.0,5.0,11,1,0,2
2023-11-08,RK Puram,351.8,208.3,276.8,57.3,34.2,4.29,27.5,80.8,1.9,0.0,5.5,11,2,0,2
2023-11-09,Dwarka,410.2,231.1,360.2,76.5,34.7,5.6,20.8,52.5,3.3,0.0,5.0,11,3,0,2
2023-11-10,RK Puram,256.6,140.5,211.3,54.3,21.3,3.11,27.1,44.4,8.7,0.0,7.1,11,4,0,2
2023-11-11,Gurugram,412.4,215.6,318.1,77.5,35.1,4.45,19.2,59.8,9.6,0.0,4.4,11,5,1,2
2023-11-12,ITO,380.1,187.9,316.8,68.9,29.3,3.98,16.7,42.3,6.7,3.8,5.8,11,6,1,2
2023-11-13,Rohini,405.2,215.4,361.6,67.2,32.6,4.83,18.1,52.9,4.3,1.1,5.0,11,0,0,2
2023-11-14,Rohini,366.3,198.8,312.6,69.8,30.4,4.59,29.4,54.0,2.1,2.7,4.7,11,1,0,2
2023-11-15,Gurugram,298.4,154.7,258.3,59.6,21.8,3.51,15.8,72.6,0.0,1.1,6.4,11,2,0,2
2023-11-16,RK Puram,297.9,163.1,248.9,57.1,20.9,3.4,24.5,42.5,6.0,5.6,5.9,11,3,0,2
2023-11-17,Rohini,280.5,168.4,230.5,49.2,25.6,4.22,21.4,70.9,3.2,0.0,6.6,11,4,0,2
2023-11-18,RK Puram,316.2,184.5,270.0,42.8,24.1,4.03,22.7,45.9,0.3,1.7,5.7,11,5,1,2
2023-11-19,ITO,208.8,116.6,194.8,42.0,17.9,2.36,26.7,62.4,3.2,0.0,6.9,11,6,1,2
2023-11-20,ITO,291.1,165.4,252.0,43.9,25.8,3.43,24.9,35.4,4.5,0.0,6.0,11,0,0,2
2023-11-21,Anand Vihar,444.7,236.6,391.1,74.1,27.8,5.68,30.6,58.4,0.0,0.0,4.3,11,1,0,2
2023-11-22,Gurugram,263.4,131.3,219.4,39.4,21.6,2.98,24.7,50.3,1.0,1.9,6.7,11,2,0,2
2023-11-23,Rohini,406.6,202.7,335.8,74.2,34.8,4.15,25.7,41.4,0.0,0.0,5.2,11,3,0,2
2023-11-24,RK Puram,254.0,136.9,231.7,36.4,18.9,3.52,22.8,56.9,3.6,0.8,6.7,11,4,0,2
2023-11-25,Gurugram,451.9,249.9,387.6,92.8,38.1,6.18,22.3,30.0,2.0,0.0,5.2,11,5,1,2
2023-11-26,Rohini,385.6,209.0,348.3,68.6,34.2,4.51,30.7,39.8,2.2,4.6,5.0,11,6,1,2
2023-11-27,Dwarka,269.7,142.2,228.8,47.5,21.5,3.47,19.9,69.4,5.5,2.5,6.2,11,0,0,2
2023-11-28,Anand Vihar,341.0,186.0,272.6,59.8,31.2,4.25,28.6,55.1,0.1,0.0,5.8,11,1,0,2
2023-11-29,RK Puram,278.7,151.4,223.8,53.9,21.4,4.02,21.4,77.9,4.8,3.8,6.6,11,2,0,2
2023-11-30,Gurugram,350.0,192.4,293.9,66.9,23.3,4.19,25.6,50.5,8.0,2.3,5.6,11,3,0,2
2023-12-01,RK Puram,304.1,152.2,262.2,48.4,13.0,3.51,13.7,46.7,4.7,0.0,6.2,12,4,0,2
2023-12-02,Anand Vihar,186.6,100.8,156.9,21.7,19.5,2.19,14.2,56.0,1.6,1.4,7.5,12,5,1,1
2023-12-03,RK Puram,468.5,261.8,380.4,76.9,42.0,5.81,19.8,66.3,0.0,0.0,4.3,12,6,1,2
2023-12-04,ITO,221.1,120.5,212.0,38.7,18.9,3.34,12.0,80.5,10.0,0.0,6.9,12,0,0,2
2023-12-05,Rohini,382.1,215.7,294.3,65.1,26.7,4.43,13.4,66.0,4.9,4.3,4.9,12,1,0,2
2023-12-06,Rohini,253.9,147.2,222.5,58.0,22.0,3.97,16.7,65.9,3.0,0.0,7.3,12,2,0,2
2023-12-07,Dwarka,417.2,231.3,351.2,52.7,29.1,5.17,0.4,51.1,6.0,2.5,5.1,12,3,0,2
2023-12-08,Anand Vihar,477.9,265.3,410.3,73.8,36.1,5.64,19.3,40.8,6.4,0.0,3.9,12,4,0,2
2023-12-09,ITO,292.8,152.6,247.1,60.2,20.6,3.72,9.1,53.7,5.7,0.0,6.4,12,5,1,2
2023-12-10,Noida,376.5,221.1,337.9,63.4,29.7,4.85,19.3,64.1,3.8,0.0,4.8,12,6,1,2
2023-12-11,ITO,374.6,202.8,312.2,58.2,36.2,4.25,20.0,41.0,7.5,2.4,5.2,12,0,0,2
2023-12-12,Rohini,325.0,161.6,282.1,57.8,32.4,3.43,5.0,59.3,5.0,0.0,5.2,12,1,0,2
2023-12-13,Noida,359.0,199.2,304.6,62.6,33.8,3.84,18.6,45.8,1.8,0.0,5.5,12,2,0,2
2023-12-14,Dwarka,387.3,215.5,342.5,58.1,27.3,5.25,16.7,40.7,7.6,3.6,5.3,12,3,0,2
2023-12-15,Dwarka,296.1,155.9,236.2,58.6,32.8,3.28,11.7,50.2,0.0,0.0,6.3,12,4,0,2
2023-12-16,Anand Vihar,407.9,229.7,321.7,66.7,27.8,5.29,13.7,49.8,0.7,0.0,4.5,12,5,1,2
2023-12-17,ITO,381.2,220.3,328.5,71.4,27.6,3.91,11.9,39.1,3.5,0.0,5.7,12,6,1,2
2023-12-18,Rohini,500.0,255.7,447.4,94.9,36.9,5.53,17.4,46.3,0.0,5.4,3.5,12,0,0,2
2023-12-19,Rohini,466.0,246.2,378.4,69.4,34.9,5.64,9.0,56.5,6.0,0.0,3.5,12,1,0,2
2023-12-20,Gurugram,382.1,210.4,338.2,63.4,31.9,3.8,16.0,79.3,1.0,0.0,4.9,12,2,0,2
2023-12-21,Dwarka,273.1,161.5,234.3,39.7,26.0,4.14,16.5,63.4,7.7,0.0,7.5,12,3,0,2
2023-12-22,Rohini,424.5,232.2,337.8,74.1,30.0,4.86,8.5,43.3,2.8,0.3,3.9,12,4,0,2
2023-12-23,Noida,381.7,215.0,321.0,62.4,38.3,4.87,16.6,35.4,0.2,0.0,4.9,12,5,1,2
2023-12-24,Gurugram,343.0,179.3,292.8,72.9,29.2,4.13,13.2,55.0,6.2,1.8,5.5,12,6,1,2
2023-12-25,Rohini,401.4,221.6,325.6,81.7,29.8,4.96,14.9,50.7,3.5,0.0,4.5,12,0,0,2
2023-12-26,Dwarka,340.9,197.2,295.3,49.3,27.1,3.8,15.7,37.9,0.9,0.0,6.4,12,1,0,2
2023-12-27,Anand Vihar,170.4,90.0,142.2,33.2,16.2,2.89,10.5,61.6,6.1,0.0,7.5,12,2,0,1
2023-12-28,Anand Vihar,367.6,208.6,305.4,61.9,32.0,4.77,12.0,26.2,3.4,1.9,6.3,12,3,0,2
2023-12-29,ITO,288.4,163.9,236.5,45.2,22.4,3.01,13.8,44.6,2.5,0.0,6.9,12,4,0,2
2023-12-30,Rohini,486.4,268.6,409.7,89.9,40.0,5.98,14.6,63.0,4.1,0.0,3.6,12,5,1,2
2023-12-31,Gurugram,420.3,228.5,350.6,72.7,34.5,4.55,6.2,34.0,5.1,0.0,5.3,12,6,1,2
2024-01-01,Dwarka,194.3,97.2,166.4,46.5,8.6,1.93,11.2,44.3,6.2,0.0,7.8,1,0,0,1
2024-01-02,Rohini,325.7,180.8,299.9,57.6,29.0,3.83,19.4,61.3,3.0,0.0,6.2,1,1,0,2
2024-01-03,Noida,417.5,222.8,353.5,78.4,39.7,4.08,11.5,20.0,4.1,0.8,5.6,1,2,0,2
2024-01-04,Gurugram,219.6,122.7,203.9,43.7,12.6,3.14,11.9,75.8,2.9,0.0,6.8,1,3,0,2
2024-01-05,Gurugram,313.2,163.0,248.1,66.3,28.0,3.79,22.3,46.0,8.0,0.5,5.6,1,4,0,2
2024-01-06,Noida,396.6,224.0,340.1,56.6,28.6,4.56,4.1,33.4,3.2,0.0,5.3,1,5,1,2
2024-01-07,Anand Vihar,329.7,199.8,298.1,57.7,24.8,4.47,23.9,64.3,10.5,0.0,5.5,1,6,1,2
2024-01-08,ITO,389.0,209.3,323.9,73.0,33.4,4.17,22.6,40.4,6.9,1.4,5.4,1,0,0,2
2024-01-09,Rohini,230.8,130.2,187.6,47.8,16.2,3.47,13.4,60.1,6.2,0.0,6.1,1,1,0,2
2024-01-10,Gurugram,332.0,205.4,271.2,52.3,22.8,4.6,10.5,37.2,4.7,0.9,6.4,1,2,0,2
2024-01-11,Anand Vihar,271.4,170.8,225.0,45.8,19.5,3.01,0.3,56.1,1.5,0.0,7.0,1,3,0,2
2024-01-12,RK Puram,311.0,167.3,248.6,62.3,33.4,3.39,8.0,65.1,5.0,1.0,6.9,1,4,0,2
2024-01-13,Anand Vihar,403.9,234.7,360.4,73.5,30.5,4.36,13.8,58.5,3.0,0.0,5.6,1,5,1,2
2024-01-14,Dwarka,441.0,244.7,411.2,95.2,29.7,4.45,18.0,70.5,3.3,0.0,4.1,1,6,1,2
2024-01-15,Rohini,409.2,228.7,340.2,75.1,36.3,4.3,10.6,52.8,11.2,0.0,5.9,1,0,0,2
2024-01-16,Gurugram,293.2,155.8,245.9,64.8,23.1,2.47,13.1,51.5,1.5,2.2,5.6,1,1,0,2
2024-01-17,ITO,316.8,179.3,268.8,59.5,26.2,4.36,17.4,52.9,8.6,1.3,6.7,1,2,0,2
2024-01-18,RK Puram,497.2,288.0,415.3,91.0,38.7,5.76,13.4,69.3,0.0,0.0,4.4,1,3,0,2
2024-01-19,Anand Vihar,419.7,220.6,380.6,77.8,33.6,4.84,7.1,64.8,1.7,0.0,5.2,1,4,0,2
2024-01-20,Rohini,333.0,184.8,282.6,46.6,25.8,3.99,18.9,37.5,4.6,1.7,5.8,1,5,1,2
2024-01-21,Dwarka,406.5,221.1,352.2,77.9,32.5,5.15,10.0,73.4,7.0,0.0,4.4,1,6,1,2
2024-01-22,Anand Vihar,280.6,153.7,245.2,39.9,24.0,3.69,17.3,56.8,0.3,0.0,6.7,1,0,0,2
2024-01-23,Anand Vihar,312.7,167.3,271.6,46.1,29.6,4.39,7.8,70.4,3.6,1.3,5.8,1,1,0,2
2024-01-24,ITO,362.7,195.2,317.7,68.7,21.0,4.65,11.2,42.1,5.2,4.6,5.4,1,2,0,2
2024-01-25,Gurugram,304.1,156.5,263.5,51.1,28.5,4.04,11.5,48.1,2.3,0.0,5.8,1,3,0,2
2024-01-26,ITO,394.8,214.2,345.1,71.3,42.6,3.23,10.4,59.8,1.7,1.7,5.0,1,4,0,2
2024-01-27,RK Puram,375.3,214.8,324.5,63.9,34.3,3.95,15.6,26.8,4.6,0.6,6.1,1,5,1,2
2024-01-28,Rohini,325.7,193.4,282.4,60.0,25.9,3.33,12.9,79.6,2.9,0.0,6.6,1,6,1,2
2024-01-29,Anand Vihar,379.6,210.3,337.3,51.7,29.5,4.27,10.5,55.8,7.4,0.0,5.4,1,0,0,2
2024-01-30,Noida,335.9,192.0,279.9,55.9,30.5,3.82,11.3,20.0,0.9,0.0,5.5,1,1,0,2
2024-01-31,ITO,242.2,128.7,200.6,60.9,23.6,3.42,19.8,35.0,0.3,0.0,7.6,1,2,0,2
2024-02-01,Anand Vihar,119.5,61.7,109.1,22.2,9.0,1.19,7.5,58.9,5.7,0.0,8.0,2,3,0,1
2024-02-02,ITO,294.4,168.0,257.4,57.2,19.3,3.59,13.9,54.8,4.3,1.1,6.2,2,4,0,2
2024-02-03,Rohini,309.1,158.2,225.4,55.3,25.7,3.42,14.7,56.5,7.0,0.0,6.1,2,5,1,2
2024-02-04,Anand Vihar,157.0,91.8,117.0,27.1,11.2,2.01,8.4,68.8,6.7,0.0,7.9,2,6,1,1
2024-02-05,Dwarka,255.6,133.5,204.9,47.8,17.1,3.62,20.9,49.4,7.4,0.0,6.4,2,0,0,2
2024-02-06,Dwarka,304.6,178.2,280.2,56.6,28.2,3.3,18.0,59.8,4.9,3.9,5.9,2,1,0,2
2024-02-07,Noida,214.2,117.2,182.8,40.5,13.3,2.44,13.6,20.0,6.5,0.5,7.5,2,2,0,2
2024-02-08,Rohini,160.7,95.0,125.8,29.4,13.4,2.08,18.3,31.1,0.0,0.0,8.9,2,3,0,1
2024-02-09,Dwarka,126.5,44.8,76.8,32.2,8.5,2.62,8.8,45.2,5.6,1.4,8.3,2,4,0,1
2024-02-10,Anand Vihar,222.8,129.1,195.8,31.5,14.7,3.02,12.8,73.8,5.5,0.0,7.2,2,5,1,2
2024-02-11,ITO,332.7,190.0,269.3,57.0,31.7,3.7,21.4,66.7,6.3,0.0,5.7,2,6,1,2
2024-02-12,Dwarka,256.4,129.1,212.1,43.2,13.4,2.59,10.1,71.5,4.6,2.0,6.0,2,0,0,2
2024-02-13,Noida,218.1,130.0,178.5,33.1,21.9,2.7,9.7,47.8,2.8,0.0,7.8,2,1,0,2
2024-02-14,Rohini,185.5,111.3,170.5,22.9,13.0,2.64,14.2,33.9,5.4,0.0,8.6,2,2,0,1
2024-02-15,Noida,261.4,149.7,234.7,38.6,22.3,3.12,8.3,63.0,1.5,0.0,6.9,2,3,0,2
2024-02-16,Rohini,239.4,111.9,196.1,40.7,17.9,3.18,23.9,51.9,3.3,0.0,7.1,2,4,0,2
2024-02-17,Rohini,247.9,138.9,229.2,36.5,17.0,3.52,6.6,41.9,1.8,0.0,6.8,2,5,1,2
2024-02-18,Anand Vihar,233.2,137.1,224.9,31.1,18.4,2.66,16.2,53.2,2.9,0.0,6.5,2,6,1,2
2024-02-19,Rohini,203.1,113.3,165.9,33.3,20.5,2.29,15.9,36.7,2.7,0.0,8.4,2,0,0,2
2024-02-20,Anand Vihar,267.8,153.3,230.2,40.4,15.9,3.6,21.5,43.4,0.6,0.0,6.2,2,1,0,2
2024-02-21,Gurugram,224.5,143.5,187.7,42.6,11.5,2.68,15.7,29.4,1.2,1.5,6.9,2,2,0,2
2024-02-22,ITO,251.6,137.6,233.6,39.7,27.6,2.68,14.4,45.8,4.4,1.3,7.1,2,3,0,2
2024-02-23,Rohini,166.6,75.8,152.5,16.9,16.3,2.06,13.1,48.8,5.5,0.0,7.9,2,4,0,1
2024-02-24,ITO,218.7,111.7,181.8,31.0,15.6,2.03,4.8,65.3,0.1,0.0,7.6,2,5,1,2
2024-02-25,Rohini,252.6,124.7,248.6,44.1,15.6,3.12,13.6,26.9,4.3,3.0,6.7,2,6,1,2
2024-02-26,RK Puram,141.7,83.0,138.6,13.6,10.7,1.84,13.5,20.0,5.5,4.6,8.3,2,0,0,1
2024-02-27,Noida,214.9,130.6,197.1,36.3,20.7,3.58,8.7,58.3,10.0,2.0,6.9,2,1,0,2
2024-02-28,Anand Vihar,240.5,119.5,188.2,45.2,27.7,2.47,12.7,66.2,3.9,0.0,7.3,2,2,0,2
2024-02-29,ITO,344.9,195.2,302.1,63.1,31.5,2.92,14.0,41.4,4.4,3.3,5.7,2,3,0,2
2024-03-01,Dwarka,191.2,86.0,148.1,41.6,4.3,2.89,30.6,69.7,3.4,0.0,7.8,3,4,0,1
2024-03-02,Noida,217.5,109.6,170.1,32.6,21.0,2.75,18.3,55.1,3.2,0.0,6.9,3,5,1,2
2024-03-03,Noida,101.5,72.7,76.6,14.4,10.2,2.03,25.4,30.0,5.9,2.4,8.7,3,6,1,1
2024-03-04,Anand Vihar,147.1,72.8,133.8,19.2,11.9,1.65,31.1,49.8,3.4,0.0,8.2,3,0,0,1
2024-03-05,Dwarka,186.4,110.2,164.5,30.1,14.4,2.16,30.5,44.5,2.8,5.9,8.1,3,1,0,1
2024-03-06,RK Puram,218.1,96.6,201.8,39.7,18.9,2.89,37.7,41.8,2.4,0.0,6.7,3,2,0,2
2024-03-07,Anand Vihar,112.5,62.9,91.6,5.0,15.3,1.89,30.2,78.6,1.1,5.7,8.1,3,3,0,1
2024-03-08,Gurugram,178.1,105.8,151.9,27.8,14.6,1.34,31.1,63.0,2.0,0.0,7.5,3,4,0,1
2024-03-09,Noida,187.8,114.6,190.5,35.8,17.4,2.77,26.6,52.7,0.1,0.4,7.9,3,5,1,1
2024-03-10,Anand Vihar,218.4,119.7,186.7,38.8,12.3,2.12,31.7,31.1,2.8,0.0,7.0,3,6,1,2
2024-03-11,Anand Vihar,97.4,47.1,68.3,22.5,5.1,1.61,35.0,61.7,3.4,0.4,8.0,3,0,0,0
2024-03-12,ITO,228.3,105.0,198.1,45.6,18.5,3.04,22.3,35.8,4.4,5.3,7.4,3,1,0,2
2024-03-13,ITO,120.0,52.3,128.5,15.4,8.7,1.61,25.2,52.2,5.7,2.9,8.9,3,2,0,1
2024-03-14,Dwarka,83.5,47.1,54.0,23.5,15.8,0.85,24.7,48.1,2.3,0.8,8.3,3,3,0,0
2024-03-15,Rohini,59.8,43.8,45.4,16.5,2.0,0.48,35.5,45.9,0.0,0.0,9.2,3,4,0,0
2024-03-16,Gurugram,149.6,76.0,124.2,40.5,19.9,0.71,28.6,93.8,5.4,0.1,8.8,3,5,1,1
2024-03-17,RK Puram,220.8,121.6,187.5,32.1,19.7,2.63,25.5,66.6,0.2,0.0,7.8,3,6,1,2
2024-03-18,Anand Vihar,171.4,89.5,124.0,26.1,15.0,2.68,26.7,65.8,6.8,0.0,8.5,3,0,0,1
2024-03-19,Dwarka,186.1,98.0,183.3,23.4,10.9,1.89,23.8,46.0,1.9,0.0,8.3,3,1,0,1
2024-03-20,Noida,223.6,121.2,193.0,32.5,15.8,3.47,31.7,56.3,0.0,0.0,8.1,3,2,0,2
2024-03-21,Gurugram,105.4,63.6,90.6,17.0,12.3,0.77,24.1,34.9,4.3,0.0,8.3,3,3,0,1
2024-03-22,RK Puram,143.0,79.0,108.0,27.2,5.6,1.91,33.5,59.9,10.5,0.0,8.3,3,4,0,1
2024-03-23,Dwarka,162.0,79.5,137.7,28.4,7.3,2.03,32.8,33.1,7.8,0.0,9.0,3,5,1,1
2024-03-24,RK Puram,146.5,70.3,106.5,27.2,3.8,1.64,33.3,59.5,5.3,0.0,7.4,3,6,1,1
2024-03-25,Anand Vihar,191.4,87.1,190.7,23.3,16.1,2.33,13.9,46.0,5.3,1.1,8.1,3,0,0,1
2024-03-26,ITO,90.7,34.5,58.1,5.0,3.1,0.54,30.0,55.3,5.2,3.5,8.8,3,1,0,0
2024-03-27,Rohini,158.8,110.4,113.4,38.9,15.3,1.67,36.1,22.3,2.4,0.0,8.2,3,2,0,1
2024-03-28,Gurugram,88.7,50.7,56.1,11.0,7.0,0.46,35.1,24.2,3.3,3.8,8.2,3,3,0,0
2024-03-29,RK Puram,172.5,92.1,141.1,30.4,17.1,2.24,30.5,57.5,6.7,0.9,8.0,3,4,0,1
2024-03-30,RK Puram,140.1,69.8,114.3,23.9,12.6,0.47,30.3,48.5,4.9,1.5,8.4,3,5,1,1
2024-03-31,Gurugram,215.6,120.4,187.6,41.8,16.2,3.23,18.6,43.7,5.3,1.4,8.0,3,6,1,2
2024-04-01,Rohini,92.4,45.9,61.9,22.7,12.3,1.57,40.4,43.1,5.8,0.0,8.7,4,0,0,0
2024-04-02,ITO,70.5,34.2,59.5,14.9,3.2,1.38,27.0,38.2,4.7,5.9,9.3,4,1,0,0
2024-04-03,Dwarka,176.6,91.9,138.9,45.9,12.3,2.45,27.1,46.3,1.7,0.0,8.2,4,2,0,1
2024-04-04,ITO,198.1,118.5,142.7,41.1,15.8,2.8,32.6,51.0,2.2,2.3,7.5,4,3,0,1
2024-04-05,ITO,71.4,34.0,55.2,14.3,10.2,0.95,29.0,55.8,0.0,0.0,8.4,4,4,0,0
2024-04-06,Noida,51.1,40.2,35.8,5.1,7.6,1.15,27.6,60.3,0.8,4.1,10.4,4,5,1,0
2024-04-07,RK Puram,102.3,69.8,89.5,23.5,5.8,0.61,26.0,45.5,4.6,0.0,8.7,4,6,1,1
2024-04-08,Gurugram,225.2,109.5,162.6,38.6,11.9,2.73,31.7,72.4,4.6,0.0,6.2,4,0,0,2
2024-04-09,RK Puram,98.2,50.9,77.8,11.5,11.9,0.79,24.2,61.7,3.6,0.0,9.3,4,1,0,0
2024-04-10,ITO,66.1,31.2,48.1,5.0,2.0,1.55,23.0,43.8,0.0,2.9,9.2,4,2,0,0
2024-04-11,RK Puram,106.3,53.7,94.9,16.7,8.3,1.27,25.4,62.2,2.6,0.0,9.8,4,3,0,1
2024-04-12,Rohini,103.8,55.6,86.4,21.9,4.7,1.71,30.2,45.2,8.8,4.7,9.2,4,4,0,1
2024-04-13,Gurugram,220.8,141.6,199.8,51.7,20.7,2.8,39.0,42.1,9.7,6.2,7.9,4,5,1,2
2024-04-14,Gurugram,41.3,15.3,47.2,20.1,7.0,1.02,27.6,23.9,2.6,0.0,9.2,4,6,1,0
2024-04-15,Gurugram,56.6,30.0,62.9,13.3,3.9,0.78,29.0,72.1,4.2,0.9,8.7,4,0,0,0
2024-04-16,Gurugram,158.7,81.5,134.7,23.4,14.7,1.55,29.1,48.5,4.6,0.0,7.8,4,1,0,1
2024-04-17,ITO,192.5,71.3,162.4,35.8,11.6,2.11,34.7,56.1,2.5,0.0,7.5,4,2,0,1
2024-04-18,Gurugram,200.3,104.6,166.5,49.2,15.1,2.06,24.6,41.8,2.2,0.0,6.9,4,3,0,2
2024-04-19,ITO,178.5,94.6,157.0,29.0,16.8,2.26,24.9,39.4,4.8,3.5,8.2,4,4,0,1
2024-04-20,Anand Vihar,113.1,54.0,84.6,22.9,3.8,1.85,25.3,47.8,0.0,0.0,8.4,4,5,1,1
2024-04-21,Rohini,90.4,64.3,84.6,18.6,2.0,1.37,31.3,54.0,4.6,0.0,9.2,4,6,1,0
2024-04-22,Rohini,179.7,85.4,139.5,25.5,11.5,1.92,29.2,63.0,7.2,0.0,7.3,4,0,0,1
2024-04-23,Anand Vihar,158.4,95.5,137.1,39.9,12.2,1.76,23.1,36.0,0.9,0.7,7.9,4,1,0,1
2024-04-24,Rohini,77.6,27.6,74.2,13.3,2.0,0.51,29.7,41.9,1.9,0.0,9.2,4,2,0,0
2024-04-25,Rohini,94.9,28.4,69.6,20.4,4.4,1.34,28.5,47.9,7.8,0.0,9.0,4,3,0,0
2024-04-26,Anand Vihar,85.2,36.4,69.3,12.1,14.2,0.44,28.5,53.7,0.8,2.1,8.7,4,4,0,0
2024-04-27,RK Puram,154.3,68.2,119.1,19.4,8.0,2.02,30.9,66.0,5.8,2.1,7.4,4,5,1,1
2024-04-28,Dwarka,119.3,74.1,106.2,16.1,8.9,0.36,29.1,55.2,4.4,0.0,7.9,4,6,1,1
2024-04-29,Anand Vihar,108.7,62.2,101.2,28.3,11.7,1.06,32.1,51.4,6.2,2.4,9.5,4,0,0,1
2024-04-30,Noida,152.1,94.5,135.0,8.6,13.4,1.62,30.7,64.2,4.6,5.0,8.0,4,1,0,1
2024-05-01,Noida,146.1,67.7,121.1,27.8,7.2,0.88,42.5,50.8,4.6,1.7,7.7,5,2,0,1
2024-05-02,Gurugram,174.6,91.3,137.3,31.0,13.7,2.2,37.5,48.0,1.7,2.8,7.9,5,3,0,1
2024-05-03,Gurugram,113.9,79.6,79.8,10.1,5.7,1.72,38.5,28.4,4.3,4.7,8.7,5,4,0,1
2024-05-04,Noida,114.3,46.2,112.0,13.6,5.2,1.31,39.7,52.5,1.8,0.0,8.0,5,5,1,1
2024-05-05,Rohini,163.4,64.6,138.1,28.0,13.5,2.09,35.3,72.1,3.8,0.0,8.3,5,6,1,1
2024-05-06,Dwarka,147.4,89.4,114.1,19.8,9.1,1.48,41.3,32.3,2.1,0.0,8.7,5,0,0,1
2024-05-07,Anand Vihar,104.3,57.7,89.1,22.3,2.2,0.87,41.9,59.9,0.0,1.1,8.2,5,1,0,1
2024-05-08,Noida,84.0,34.4,94.8,22.2,13.6,1.28,36.3,69.9,3.9,0.7,8.9,5,2,0,0
2024-05-09,Anand Vihar,141.3,94.0,117.6,33.8,8.9,1.81,32.2,42.4,0.8,3.7,9.1,5,3,0,1
2024-05-10,RK Puram,123.0,72.9,96.4,20.6,4.5,1.05,41.9,50.5,2.9,0.0,8.7,5,4,0,1
2024-05-11,Anand Vihar,186.0,105.5,167.5,26.2,18.9,2.73,35.2,58.2,0.0,2.2,7.4,5,5,1,1
2024-05-12,Dwarka,169.6,95.1,124.0,22.8,8.8,1.77,37.3,32.5,8.4,0.0,8.6,5,6,1,1
2024-05-13,Rohini,193.5,109.6,152.6,22.6,7.7,3.25,36.8,33.4,0.6,0.5,7.4,5,0,0,1
2024-05-14,RK Puram,170.2,74.2,180.0,48.8,14.4,1.41,41.9,48.4,3.7,2.7,8.0,5,1,0,1
2024-05-15,RK Puram,140.0,87.2,123.5,27.3,9.1,1.68,34.9,20.9,3.2,0.0,8.3,5,2,0,1
2024-05-16,RK Puram,186.1,110.6,132.3,32.2,13.8,2.09,35.5,44.8,6.5,0.0,8.6,5,3,0,1
2024-05-17,Dwarka,114.7,62.9,86.7,26.9,12.9,0.77,48.0,54.1,5.2,1.5,8.8,5,4,0,1
2024-05-18,Rohini,177.2,103.9,144.8,24.5,13.1,2.09,31.4,62.9,0.0,8.1,8.5,5,5,1,1
2024-05-19,Noida,100.6,56.1,59.0,21.8,6.1,1.97,36.4,43.2,8.6,0.0,9.3,5,6,1,1
2024-05-20,Anand Vihar,137.7,88.1,113.2,35.1,10.6,1.22,40.7,45.4,5.9,0.0,8.3,5,0,0,1
2024-05-21,Dwarka,68.4,32.0,50.2,23.8,5.3,1.29,38.7,71.2,7.1,0.0,10.1,5,1,0,0
2024-05-22,ITO,113.3,69.4,108.0,35.5,9.1,1.57,34.1,82.0,3.0,0.0,8.4,5,2,0,1
2024-05-23,Gurugram,81.0,61.0,52.1,26.4,5.2,0.65,39.5,50.8,3.4,0.7,9.0,5,3,0,0
2024-05-24,Anand Vihar,25.7,6.1,14.8,5.0,2.0,0.42,38.1,39.2,0.0,0.0,9.4,5,4,0,0
2024-05-25,Noida,65.9,27.1,51.0,5.0,4.0,0.43,37.0,54.5,3.9,2.4,9.0,5,5,1,0
2024-05-26,ITO,178.9,97.7,140.1,35.3,17.1,2.22,44.4,56.9,6.7,0.4,8.1,5,6,1,1
2024-05-27,Noida,136.3,78.9,122.2,14.1,16.6,1.67,47.3,61.8,4.1,0.0,8.2,5,0,0,1
2024-05-28,Dwarka,109.0,61.1,85.8,17.4,14.1,2.0,39.0,29.9,5.6,4.7,9.3,5,1,0,1
2024-05-29,RK Puram,147.2,100.9,131.8,24.6,8.5,2.15,41.9,50.8,2.3,4.0,7.7,5,2,0,1
2024-05-30,Gurugram,97.0,45.7,55.5,19.4,6.7,0.61,31.3,49.9,6.9,1.8,8.8,5,3,0,0
2024-05-31,Gurugram,99.8,54.1,89.3,8.5,6.0,1.36,35.9,39.0,6.3,0.0,8.2,5,4,0,0
2024-06-01,Anand Vihar,76.1,47.1,28.9,7.0,3.3,0.97,34.8,49.4,7.4,0.0,8.7,6,5,1,0
2024-06-02,RK Puram,120.1,74.2,96.4,15.1,12.5,1.53,36.5,70.6,6.3,0.0,8.1,6,6,1,1
2024-06-03,RK Puram,153.1,84.5,120.5,27.3,10.2,1.69,41.4,52.8,9.8,0.0,7.9,6,0,0,1
2024-06-04,RK Puram,103.3,62.8,87.3,30.0,6.9,1.23,32.1,33.4,3.0,3.2,8.5,6,1,0,1
2024-06-05,ITO,147.1,80.7,114.3,22.1,13.5,1.07,40.4,44.2,10.5,2.9,7.3,6,2,0,1
2024-06-06,RK Puram,68.6,41.4,25.7,23.0,13.4,0.17,42.2,55.2,6.5,0.0,9.5,6,3,0,0
2024-06-07,ITO,275.1,148.1,235.6,47.6,22.5,3.94,37.5,32.6,7.5,0.0,7.3,6,4,0,2
2024-06-08,RK Puram,146.2,76.3,138.2,17.2,12.0,1.71,31.9,49.3,6.3,4.2,8.0,6,5,1,1
2024-06-09,Noida,97.0,55.6,101.9,27.6,7.5,0.93,35.3,46.4,6.7,1.7,9.0,6,6,1,0
2024-06-10,Rohini,186.9,94.8,182.0,37.4,18.6,2.41,45.5,45.2,9.5,3.9,7.4,6,0,0,1
2024-06-11,ITO,131.8,80.9,107.7,34.2,2.0,0.97,34.3,37.7,9.0,0.9,8.6,6,1,0,1
2024-06-12,ITO,200.3,104.3,158.0,49.3,13.0,2.66,46.7,61.3,10.3,3.8,7.8,6,2,0,2
2024-06-13,ITO,160.7,90.2,156.0,30.7,6.9,2.65,34.2,68.8,7.7,3.5,8.6,6,3,0,1
2024-06-14,Anand Vihar,123.0,56.5,106.2,12.9,10.3,2.49,40.9,49.5,0.6,0.0,8.7,6,4,0,1
2024-06-15,Gurugram,142.1,88.1,117.0,22.2,11.5,1.41,39.3,41.9,9.4,3.6,7.9,6,5,1,1
2024-06-16,Rohini,170.8,99.2,137.3,22.1,15.9,1.68,36.4,31.3,6.5,0.1,7.7,6,6,1,1
2024-06-17,Rohini,147.9,65.0,163.6,21.9,11.4,0.85,39.9,33.4,8.3,0.0,7.6,6,0,0,1
2024-06-18,Rohini,103.5,60.0,85.2,20.6,12.7,1.63,38.1,56.9,13.9,2.4,8.6,6,1,0,1
2024-06-19,Rohini,142.4,76.6,106.4,43.0,4.1,1.34,35.5,87.6,13.4,4.5,8.1,6,2,0,1
2024-06-20,Dwarka,212.1,117.3,174.3,43.9,16.3,2.25,29.6,48.8,11.3,3.8,7.4,6,3,0,2
2024-06-21,ITO,180.3,101.3,168.1,44.4,13.2,2.3,44.7,20.0,5.9,4.4,8.3,6,4,0,1
2024-06-22,RK Puram,123.4,64.2,86.2,8.1,11.8,1.74,41.9,54.9,0.0,1.5,7.7,6,5,1,1
2024-06-23,RK Puram,21.2,11.8,12.6,5.0,2.0,0.1,36.9,79.3,8.2,3.5,10.0,6,6,1,0
2024-06-24,Rohini,193.6,123.8,155.2,19.2,9.3,1.99,40.1,32.7,6.0,0.0,7.3,6,0,0,1
2024-06-25,Rohini,169.7,76.7,167.5,34.7,16.6,1.66,40.5,66.9,7.7,6.0,7.9,6,1,0,1
2024-06-26,RK Puram,123.5,57.9,108.0,31.1,13.5,1.53,36.9,35.1,7.3,0.0,8.3,6,2,0,1
2024-06-27,Gurugram,180.6,104.6,173.9,28.5,16.6,1.65,47.8,64.0,7.4,0.0,7.7,6,3,0,1
2024-06-28,Rohini,151.2,74.2,127.5,27.7,9.1,1.28,37.1,59.9,5.3,0.0,8.8,6,4,0,1
2024-06-29,Gurugram,110.4,67.2,115.9,12.5,7.8,1.02,42.9,51.4,13.2,1.2,8.7,6,5,1,1
2024-06-30,Gurugram,236.6,131.9,199.7,34.1,18.4,2.32,37.3,93.4,8.4,0.0,6.9,6,6,1,2
2024-07-01,Rohini,106.7,71.7,80.7,7.8,8.3,1.11,29.5,63.8,6.2,0.0,8.4,7,0,0,1
2024-07-02,Anand Vihar,82.2,54.6,44.0,19.6,7.9,1.17,35.4,66.1,0.7,19.0,9.1,7,1,0,0
2024-07-03,Rohini,108.7,41.1,81.0,33.4,2.7,1.3,32.1,57.3,6.7,11.4,8.4,7,2,0,1
2024-07-04,RK Puram,79.9,35.2,81.0,25.0,3.8,1.67,31.3,75.7,11.4,0.0,9.2,7,3,0,0
2024-07-05,Rohini,126.4,58.4,119.8,36.2,10.1,1.11,32.4,56.7,6.1,18.7,7.6,7,4,0,1
2024-07-06,Dwarka,111.1,61.5,112.4,12.7,11.3,0.77,34.8,60.6,8.6,2.8,9.0,7,5,1,1
2024-07-07,Anand Vihar,20.0,15.7,19.3,13.5,3.3,0.1,25.0,61.4,11.1,2.2,9.8,7,6,1,0
2024-07-08,Dwarka,138.5,65.3,121.5,8.7,8.0,2.21,32.0,64.0,8.1,8.6,8.8,7,0,0,1
2024-07-09,Gurugram,75.0,37.7,40.9,11.9,4.8,1.05,30.1,66.3,7.0,3.4,9.1,7,1,0,0
2024-07-10,RK Puram,62.7,28.5,50.0,24.2,2.0,0.1,30.2,60.1,6.5,15.4,8.7,7,2,0,0
2024-07-11,Noida,74.1,18.1,48.3,11.4,16.3,1.16,26.6,54.7,7.8,15.1,8.4,7,3,0,0
2024-07-12,Rohini,98.2,58.2,75.0,21.0,8.9,1.43,34.9,85.8,13.9,10.3,8.5,7,4,0,0
2024-07-13,Dwarka,45.0,19.8,70.9,5.0,7.2,0.35,32.8,76.9,6.3,0.0,10.3,7,5,1,0
2024-07-14,Rohini,77.3,42.7,43.5,5.0,9.4,0.19,33.8,54.9,2.2,0.0,9.8,7,6,1,0
2024-07-15,Anand Vihar,45.2,38.7,44.4,5.0,7.9,0.55,32.1,47.0,5.0,0.0,9.5,7,0,0,0
2024-07-16,ITO,83.3,42.9,71.0,8.7,13.9,0.25,32.2,70.7,8.1,6.2,8.8,7,1,0,0
2024-07-17,Anand Vihar,32.6,20.0,10.0,8.7,11.6,0.1,31.1,27.1,7.1,22.9,10.0,7,2,0,0
2024-07-18,Gurugram,116.6,64.5,88.6,30.0,9.8,1.29,31.0,80.4,7.2,30.6,8.3,7,3,0,1
2024-07-19,RK Puram,69.9,37.7,72.0,11.8,2.0,1.43,26.4,60.1,7.9,10.3,9.2,7,4,0,0
2024-07-20,Noida,85.1,54.8,62.6,5.0,7.1,1.37,35.8,72.5,6.4,37.7,9.5,7,5,1,0
2024-07-21,RK Puram,95.1,38.3,95.1,20.6,2.9,1.08,31.8,84.6,5.9,4.8,7.6,7,6,1,0
2024-07-22,Noida,68.3,54.3,22.9,19.2,9.7,0.98,33.8,72.7,10.6,0.0,9.7,7,0,0,0
2024-07-23,Noida,79.7,30.1,91.7,14.3,7.5,0.67,28.0,55.9,8.7,23.5,9.1,7,1,0,0
2024-07-24,Gurugram,64.5,43.1,43.0,22.7,6.8,0.65,33.0,95.5,10.3,0.0,9.2,7,2,0,0
2024-07-25,ITO,144.8,92.2,124.5,19.6,11.4,1.34,36.7,76.9,9.6,34.7,7.2,7,3,0,1
2024-07-26,RK Puram,143.1,76.7,132.4,29.9,17.1,1.63,34.1,75.8,7.0,7.7,8.2,7,4,0,1
2024-07-27,Anand Vihar,70.6,37.4,90.2,13.6,4.3,1.09,34.3,58.2,9.5,3.4,9.5,7,5,1,0
2024-07-28,Anand Vihar,58.0,29.7,24.6,6.1,8.0,0.1,28.9,67.1,12.2,30.0,10.0,7,6,1,0
2024-07-29,Dwarka,77.2,42.0,66.7,6.6,10.1,0.35,28.7,70.5,12.8,2.9,9.4,7,0,0,0
2024-07-30,Anand Vihar,70.3,34.4,22.4,5.0,2.0,0.32,34.0,70.1,8.5,50.2,9.7,7,1,0,0
2024-07-31,RK Puram,81.7,47.3,70.3,27.2,9.2,0.63,31.7,63.9,8.2,60.5,9.2,7,2,0,0
2024-08-01,Noida,25.8,8.2,10.0,12.0,2.0,0.1,32.0,81.6,7.8,0.0,9.8,8,3,0,0
2024-08-02,Dwarka,20.0,15.5,33.1,5.7,4.8,0.59,33.5,55.1,8.5,0.0,9.8,8,4,0,0
2024-08-03,Dwarka,99.4,58.7,66.4,22.0,2.8,1.67,34.9,70.2,8.9,5.5,8.5,8,5,1,0
2024-08-04,Dwarka,38.3,5.0,51.0,16.7,2.0,0.27,31.8,65.8,8.4,21.2,9.4,8,6,1,0
2024-08-05,Rohini,105.5,53.9,54.7,14.3,4.9,1.42,32.7,60.9,13.3,0.0,7.6,8,0,0,1
2024-08-06,ITO,102.3,45.4,88.5,23.6,11.9,2.01,40.8,68.8,6.0,19.1,8.6,8,1,0,1
2024-08-07,ITO,136.1,59.5,142.1,22.9,10.5,2.06,34.6,82.3,12.1,9.2,9.0,8,2,0,1
2024-08-08,Noida,102.3,41.2,89.2,13.6,10.7,0.79,29.7,34.7,8.5,6.8,8.1,8,3,0,1
2024-08-09,ITO,113.9,57.9,90.3,11.2,18.7,1.92,33.8,45.5,6.6,0.0,8.6,8,4,0,1
2024-08-10,Rohini,40.1,33.3,58.1,15.0,8.3,0.31,30.1,53.3,9.9,14.5,9.5,8,5,1,0
2024-08-11,ITO,77.2,48.8,55.8,22.9,10.8,1.96,37.1,51.5,10.8,27.6,8.9,8,6,1,0
2024-08-12,Gurugram,143.1,90.4,118.0,30.7,14.7,0.73,30.8,79.2,8.8,0.0,7.0,8,0,0,1
2024-08-13,Anand Vihar,87.4,48.6,68.0,13.7,13.5,1.5,31.5,50.1,5.5,0.4,9.2,8,1,0,0
2024-08-14,Dwarka,73.5,31.2,75.2,14.9,5.7,0.55,27.9,55.3,7.0,0.0,9.0,8,2,0,0
2024-08-15,ITO,111.9,62.5,89.7,21.3,6.7,0.84,33.8,56.3,10.8,25.9,8.7,8,3,0,1
2024-08-16,Rohini,115.6,66.5,95.3,25.1,5.4,0.96,32.2,67.6,2.5,19.1,8.9,8,4,0,1
2024-08-17,Dwarka,22.0,9.8,10.0,5.0,2.0,0.32,30.4,53.0,8.3,0.0,10.4,8,5,1,0
2024-08-18,ITO,55.9,48.6,45.1,5.0,2.5,1.05,34.1,62.0,10.1,0.0,9.4,8,6,1,0
2024-08-19,Noida,81.0,25.4,47.4,18.2,7.4,0.8,38.2,74.3,11.7,9.0,8.7,8,0,0,0
2024-08-20,Rohini,20.5,5.0,30.4,5.0,2.0,0.1,32.3,61.4,7.2,37.0,10.5,8,1,0,0
2024-08-21,RK Puram,32.1,15.9,23.3,11.1,3.5,0.24,32.3,48.2,10.5,42.4,9.0,8,2,0,0
2024-08-22,Anand Vihar,32.4,21.0,25.9,5.0,8.2,0.66,30.4,58.6,6.5,27.5,9.4,8,3,0,0
2024-08-23,Dwarka,58.3,37.2,24.6,5.0,2.0,0.49,31.1,67.1,6.3,0.0,10.0,8,4,0,0
2024-08-24,RK Puram,92.6,54.5,99.4,14.9,5.8,1.38,26.7,61.4,7.6,0.0,9.4,8,5,1,0
2024-08-25,Rohini,81.4,53.7,71.4,20.3,6.5,1.07,34.8,62.1,9.4,1.1,8.9,8,6,1,0
2024-08-26,Anand Vihar,122.5,65.5,86.8,26.1,5.7,1.09,29.1,62.9,11.5,9.9,8.2,8,0,0,1
2024-08-27,ITO,85.8,51.4,48.9,5.2,2.2,1.08,31.1,31.0,13.8,0.0,8.9,8,1,0,0
2024-08-28,Dwarka,69.9,27.7,79.4,18.6,5.7,0.84,30.3,69.1,11.3,0.0,8.4,8,2,0,0
2024-08-29,Rohini,63.4,27.2,40.8,6.2,2.7,0.58,30.7,76.4,10.0,0.0,8.9,8,3,0,0
2024-08-30,RK Puram,107.8,55.0,69.2,19.5,8.6,0.73,27.6,63.7,7.3,1.7,8.6,8,4,0,1
2024-08-31,Noida,49.8,25.6,57.6,13.9,2.0,0.38,30.1,41.6,8.8,8.1,10.4,8,5,1,0
2024-09-01,Dwarka,74.8,44.6,57.7,12.7,12.4,0.55,32.2,86.3,4.8,0.0,9.3,9,6,1,0
2024-09-02,Anand Vihar,152.0,59.8,125.4,32.2,13.6,2.78,32.3,63.4,7.5,0.0,8.3,9,0,0,1
2024-09-03,Gurugram,210.2,118.5,190.6,21.4,18.1,2.63,37.0,42.1,8.7,0.2,7.6,9,1,0,2
2024-09-04,Gurugram,158.3,96.8,147.5,27.3,6.6,1.92,29.8,57.9,3.6,0.0,7.2,9,2,0,1
2024-09-05,RK Puram,142.3,97.6,119.4,24.5,7.5,1.72,36.2,80.5,6.6,1.6,8.0,9,3,0,1
2024-09-06,Dwarka,174.1,111.0,140.5,14.0,17.5,2.26,35.9,51.8,3.3,0.0,8.3,9,4,0,1
2024-09-07,Anand Vihar,243.1,135.3,230.9,54.5,22.1,3.15,33.8,59.0,3.8,0.0,6.8,9,5,1,2
2024-09-08,ITO,151.9,78.7,132.4,26.6,11.4,2.07,32.2,56.7,1.7,0.3,7.7,9,6,1,1
2024-09-09,RK Puram,202.3,121.6,174.9,40.2,16.8,2.77,27.3,51.6,8.8,0.0,7.4,9,0,0,2
2024-09-10,ITO,199.1,110.0,160.3,33.2,7.8,2.22,28.7,54.5,0.5,0.0,7.0,9,1,0,1
2024-09-11,Gurugram,204.3,106.2,153.7,63.0,19.5,2.32,34.6,63.1,6.6,0.5,7.5,9,2,0,2
2024-09-12,Dwarka,20.0,16.0,19.4,5.0,2.0,0.25,32.0,64.6,5.6,0.5,9.6,9,3,0,0
2024-09-13,Rohini,194.6,107.5,171.5,21.0,17.9,1.61,38.1,58.9,3.4,0.0,7.3,9,4,0,1
2024-09-14,Gurugram,270.5,135.6,202.0,48.0,26.7,3.23,32.8,58.4,4.4,2.8,6.8,9,5,1,2
2024-09-15,Rohini,132.2,60.9,115.7,9.9,9.0,1.8,29.5,73.8,3.2,3.5,9.0,9,6,1,1
2024-09-16,Anand Vihar,257.3,143.1,210.7,52.3,23.4,2.72,34.2,80.1,0.6,0.6,6.8,9,0,0,2
2024-09-17,Dwarka,20.0,22.4,10.0,6.8,2.0,0.1,34.8,68.0,0.0,0.0,10.2,9,1,0,0
2024-09-18,Dwarka,114.6,62.2,108.6,20.7,16.1,0.58,34.5,68.0,0.0,0.0,8.0,9,2,0,1
2024-09-19,ITO,150.5,73.2,101.6,25.4,10.8,1.61,32.7,86.4,3.1,0.5,8.5,9,3,0,1
2024-09-20,Dwarka,263.3,133.6,200.7,49.6,21.7,3.78,33.6,57.7,2.3,0.0,6.8,9,4,0,2
2024-09-21,ITO,193.5,104.8,185.1,38.8,11.2,1.81,30.2,70.9,5.1,0.0,7.0,9,5,1,1
2024-09-22,RK Puram,178.3,88.4,178.4,21.3,20.5,2.74,27.7,40.5,6.2,0.0,7.3,9,6,1,1
2024-09-23,ITO,200.4,110.3,149.3,49.2,14.0,2.67,27.6,62.1,4.9,1.0,7.6,9,0,0,2
2024-09-24,Rohini,240.9,134.5,213.7,42.9,20.0,3.19,25.8,78.6,6.5,0.0,7.6,9,1,0,2
2024-09-25,Noida,112.1,63.0,91.9,23.1,9.0,1.41,30.1,79.7,2.7,0.0,8.2,9,2,0,1
2024-09-26,ITO,155.6,101.7,115.2,24.5,6.1,1.93,30.1,57.5,8.5,0.0,8.0,9,3,0,1
2024-09-27,RK Puram,132.5,79.4,113.3,25.2,7.8,2.46,40.5,60.8,5.1,0.3,8.2,9,4,0,1
2024-09-28,Gurugram,176.3,93.7,131.7,8.9,9.2,2.17,33.7,60.1,8.1,3.1,7.7,9,5,1,1
2024-09-29,Dwarka,111.5,70.8,94.7,29.1,3.6,1.82,34.2,34.7,8.0,0.3,8.8,9,6,1,1
2024-09-30,Dwarka,201.3,102.1,158.9,37.7,23.4,1.85,34.7,47.0,10.4,0.0,7.9,9,0,0,2
2024-10-01,Anand Vihar,198.6,119.5,149.8,44.5,20.1,1.91,30.4,28.1,2.1,1.4,7.1,10,1,0,1
2024-10-02,Anand Vihar,281.0,146.4,251.1,48.3,22.9,3.21,25.4,34.8,6.2,0.0,6.1,10,2,0,2
2024-10-03,RK Puram,181.6,108.0,125.8,26.1,8.7,1.95,25.8,46.4,2.2,3.9,6.6,10,3,0,1
2024-10-04,Anand Vihar,78.7,46.1,68.2,16.8,6.3,0.77,19.4,40.5,3.1,0.0,8.6,10,4,0,0
2024-10-05,Noida,252.1,149.5,199.3,35.4,27.9,2.7,18.8,23.9,7.2,0.0,6.7,10,5,1,2
2024-10-06,Dwarka,323.2,188.6,274.3,49.0,37.1,3.98,25.5,58.0,5.4,6.5,6.9,10,6,1,2
2024-10-07,Anand Vihar,319.2,182.6,291.4,50.3,23.6,4.7,20.1,29.9,8.6,3.6,6.2,10,0,0,2
2024-10-08,Rohini,308.4,190.1,271.5,57.5,24.7,3.69,21.3,34.0,2.9,3.6,5.4,10,1,0,2
2024-10-09,Anand Vihar,270.9,149.6,255.4,67.9,23.8,2.75,21.8,54.2,5.4,2.1,6.8,10,2,0,2
2024-10-10,RK Puram,336.2,204.9,293.5,56.9,31.5,3.91,25.0,30.0,0.0,1.7,6.3,10,3,0,2
2024-10-11,Rohini,196.0,112.3,149.5,45.2,18.2,3.13,21.3,51.5,4.1,0.8,6.8,10,4,0,1
2024-10-12,Noida,98.2,38.4,85.8,18.4,5.5,0.67,21.9,44.9,3.6,0.3,9.1,10,5,1,0
2024-10-13,RK Puram,269.0,174.7,219.6,62.4,21.3,2.4,25.9,54.7,0.8,0.0,6.6,10,6,1,2
2024-10-14,ITO,299.2,162.4,245.2,57.8,28.2,3.98,22.1,35.2,0.0,0.0,6.1,10,0,0,2
2024-10-15,Rohini,253.7,139.9,232.0,44.8,20.4,2.74,25.7,55.2,6.7,0.0,6.6,10,1,0,2
2024-10-16,Rohini,247.9,146.6,184.1,49.8,25.5,3.92,19.1,47.8,3.9,2.0,6.8,10,2,0,2
2024-10-17,Dwarka,149.4,88.7,101.4,22.2,24.1,1.31,28.6,41.2,5.5,2.0,8.7,10,3,0,1
2024-10-18,ITO,340.0,202.8,296.6,61.8,28.5,4.93,23.5,48.8,0.0,0.0,5.9,10,4,0,2
2024-10-19,ITO,153.2,74.2,108.0,38.3,14.7,2.23,26.4,52.5,8.4,0.0,8.1,10,5,1,1
2024-10-20,Rohini,284.6,156.6,254.7,61.2,23.5,4.06,35.5,51.1,4.3,0.0,6.5,10,6,1,2
2024-10-21,Anand Vihar,197.0,112.8,185.7,34.5,10.2,2.89,29.7,63.5,3.5,3.1,9.3,10,0,0,1
2024-10-22,RK Puram,306.6,170.1,238.3,61.5,21.4,4.24,24.8,54.4,6.3,1.1,7.0,10,1,0,2
2024-10-23,Noida,267.4,129.8,215.7,38.8,13.3,3.21,20.8,89.4,3.5,3.9,5.9,10,2,0,2
2024-10-24,Gurugram,236.9,120.3,220.2,43.4,22.6,3.28,26.1,54.7,4.7,0.0,7.3,10,3,0,2
2024-10-25,ITO,204.1,123.8,190.4,34.8,19.4,2.35,24.1,42.9,3.5,4.0,7.5,10,4,0,2
2024-10-26,Anand Vihar,136.5,75.4,100.3,25.8,7.9,2.74,28.8,51.0,2.7,1.5,8.7,10,5,1,1
2024-10-27,Dwarka,340.8,192.9,300.6,72.9,31.6,4.37,28.3,33.8,0.0,0.5,5.8,10,6,1,2
2024-10-28,Gurugram,158.8,76.2,121.4,12.8,8.2,2.48,25.9,35.4,1.9,3.7,8.6,10,0,0,1
2024-10-29,Gurugram,368.1,201.0,300.0,60.3,26.1,5.1,24.1,58.5,8.5,0.0,6.0,10,1,0,2
2024-10-30,Noida,131.7,78.0,91.6,21.8,10.6,1.85,27.4,42.0,4.6,1.7,8.3,10,2,0,1
2024-10-31,Gurugram,163.4,69.3,128.0,24.9,12.4,2.03,25.4,49.8,2.3,0.0,7.7,10,3,0,1
2024-11-01,Anand Vihar,401.4,225.8,330.2,67.9,38.6,4.73,23.6,57.6,7.7,0.0,4.7,11,4,0,2
2024-11-02,Gurugram,301.1,157.3,242.9,54.5,28.4,3.44,15.0,47.2,3.5,0.0,5.9,11,5,1,2
2024-11-03,Dwarka,345.1,177.3,291.7,63.9,26.9,4.24,27.1,61.6,6.6,3.0,5.9,11,6,1,2
2024-11-04,Anand Vihar,217.7,117.9,210.2,46.6,14.9,2.8,24.7,56.8,0.9,1.1,7.2,11,0,0,2
2024-11-05,ITO,442.9,247.8,374.5,76.1,38.6,5.61,22.7,88.1,0.0,0.0,4.1,11,1,0,2
2024-11-06,Gurugram,500.0,267.5,431.3,94.5,44.0,5.94,27.9,20.0,0.8,0.5,3.9,11,2,0,2
2024-11-07,Noida,402.8,218.0,332.7,74.7,30.1,4.38,28.0,45.7,0.0,2.5,4.7,11,3,0,2
2024-11-08,ITO,262.0,115.9,235.2,54.6,19.2,3.78,23.7,50.9,5.0,9.6,7.4,11,4,0,2
2024-11-09,Gurugram,309.1,187.5,289.9,56.1,28.2,3.82,19.7,50.2,2.5,0.0,5.7,11,5,1,2
2024-11-10,Rohini,312.8,179.0,249.3,58.4,30.3,4.04,24.2,59.6,5.4,2.3,5.1,11,6,1,2
2024-11-11,Noida,360.9,192.9,300.6,76.1,26.0,4.29,27.4,38.4,4.8,0.4,5.9,11,0,0,2
2024-11-12,Dwarka,303.1,172.4,258.2,56.7,21.9,3.22,27.0,46.6,3.8,0.8,6.3,11,1,0,2
2024-11-13,RK Puram,285.7,165.4,256.7,53.3,24.5,3.69,26.8,33.9,9.8,0.8,6.8,11,2,0,2
2024-11-14,RK Puram,311.5,154.0,269.9,57.3,18.9,3.96,22.0,90.4,2.3,0.0,5.7,11,3,0,2
2024-11-15,Dwarka,400.4,225.8,320.6,72.7,34.4,5.28,26.5,64.5,7.2,0.3,5.2,11,4,0,2
2024-11-16,Dwarka,393.3,207.4,345.9,62.7,30.0,3.18,25.6,40.3,7.3,1.2,5.6,11,5,1,2
2024-11-17,Noida,338.1,197.7,314.0,60.9,27.2,3.8,17.5,41.6,9.0,3.2,5.4,11,6,1,2
2024-11-18,Anand Vihar,347.5,172.3,289.8,57.1,25.2,4.47,20.6,40.9,0.0,0.0,5.1,11,0,0,2
2024-11-19,Noida,267.6,150.4,248.5,43.5,27.9,2.81,23.0,76.5,12.7,5.1,6.5,11,1,0,2
2024-11-20,Gurugram,300.0,157.9,258.0,46.6,30.1,2.81,28.9,50.6,2.5,0.5,6.6,11,2,0,2
2024-11-21,RK Puram,334.6,185.3,305.9,61.6,23.4,4.75,26.9,61.5,6.2,0.0,6.1,11,3,0,2
2024-11-22,Anand Vihar,329.2,170.5,269.0,79.1,26.9,4.13,19.1,22.3,1.5,4.3,6.1,11,4,0,2
2024-11-23,Noida,421.3,245.9,348.8,82.5,32.8,4.78,20.5,21.5,5.6,0.0,3.4,11,5,1,2
2024-11-24,ITO,169.2,87.7,121.6,43.9,14.0,1.88,22.4,27.3,0.1,3.9,7.6,11,6,1,1
2024-11-25,Noida,500.0,282.7,410.9,73.3,47.4,5.7,26.9,52.4,7.0,2.9,3.9,11,0,0,2
2024-11-26,Rohini,467.2,272.5,364.2,87.8,35.3,6.48,30.2,50.5,8.6,5.3,4.2,11,1,0,2
2024-11-27,Rohini,412.4,210.2,329.2,74.3,31.0,5.06,29.5,63.0,1.9,2.8,4.4,11,2,0,2
2024-11-28,Dwarka,434.4,232.2,381.3,93.9,32.0,6.11,21.8,37.2,4.9,2.1,5.0,11,3,0,2
2024-11-29,Gurugram,287.4,142.8,233.2,57.1,20.6,3.91,31.9,50.4,4.0,1.6,6.1,11,4,0,2
2024-11-30,RK Puram,258.4,135.9,203.9,52.9,18.3,2.94,15.1,64.2,6.5,0.0,6.0,11,5,1,2
2024-12-01,Gurugram,413.5,242.6,349.5,80.6,29.9,4.74,20.8,49.4,4.5,0.0,5.0,12,6,1,2
2024-12-02,Anand Vihar,438.2,248.0,389.2,78.1,27.6,5.22,9.0,39.0,0.3,0.0,4.2,12,0,0,2
2024-12-03,Gurugram,361.3,206.7,272.1,70.5,29.7,4.06,9.6,49.1,4.7,1.1,5.4,12,1,0,2
2024-12-04,Anand Vihar,308.1,169.1,249.3,68.9,18.7,4.06,13.5,78.5,5.0,0.0,6.0,12,2,0,2
2024-12-05,RK Puram,181.2,102.7,153.3,33.8,9.7,2.03,10.8,60.0,4.1,0.0,7.7,12,3,0,1
2024-12-06,RK Puram,296.2,156.5,254.4,71.8,20.7,3.4,13.7,39.7,7.3,0.0,6.0,12,4,0,2
2024-12-07,Gurugram,335.0,187.6,294.9,62.5,22.5,4.18,17.2,43.6,0.0,3.6,5.9,12,5,1,2
2024-12-08,Anand Vihar,314.2,197.2,260.0,62.5,25.0,3.37,9.4,73.8,6.9,5.8,6.1,12,6,1,2
2024-12-09,Rohini,279.1,173.2,245.1,56.2,22.6,4.7,9.3,26.3,9.1,0.0,6.7,12,0,0,2
2024-12-10,Rohini,385.4,212.2,343.0,59.7,37.4,5.08,13.6,47.8,5.4,4.6,5.2,12,1,0,2
2024-12-11,ITO,342.4,197.5,301.1,70.9,27.3,2.98,19.9,46.4,1.4,1.0,5.8,12,2,0,2
2024-12-12,Noida,252.6,140.1,215.4,55.7,26.4,2.6,14.6,60.1,8.5,2.2,7.0,12,3,0,2
2024-12-13,Rohini,345.4,188.9,279.0,62.2,34.7,3.74,12.6,36.6,7.5,2.5,5.0,12,4,0,2
2024-12-14,ITO,423.7,241.6,350.2,71.6,32.0,5.44,18.8,48.5,3.8,1.4,5.0,12,5,1,2
2024-12-15,RK Puram,280.4,150.3,238.4,44.9,21.7,2.08,9.9,41.2,3.8,3.9,6.1,12,6,1,2
2024-12-16,Dwarka,299.6,181.0,225.4,54.7,22.4,2.14,6.8,61.6,10.1,2.7,6.4,12,0,0,2
2024-12-17,Anand Vihar,79.1,36.8,98.9,11.5,6.2,0.93,7.5,41.6,6.5,0.0,9.2,12,1,0,0
2024-12-18,Rohini,348.7,181.4,284.6,72.4,28.9,4.49,9.5,20.0,2.4,0.0,5.8,12,2,0,2
2024-12-19,ITO,500.0,271.7,425.7,98.1,44.0,6.09,9.1,77.3,6.0,0.7,3.4,12,3,0,2
2024-12-20,Gurugram,465.1,249.1,400.7,87.1,37.5,5.67,13.1,64.9,6.2,0.0,3.7,12,4,0,2
2024-12-21,Gurugram,291.8,150.8,251.9,57.0,28.0,3.65,16.0,46.0,1.4,0.0,7.1,12,5,1,2
2024-12-22,ITO,361.1,199.7,323.5,57.5,23.6,3.69,8.1,58.9,0.0,0.0,5.8,12,6,1,2
2024-12-23,RK Puram,393.8,217.9,317.5,67.6,41.0,4.12,15.9,81.8,3.2,5.5,4.7,12,0,0,2
2024-12-24,Rohini,219.5,117.3,185.6,46.9,19.4,2.43,13.3,45.2,1.3,0.0,7.8,12,1,0,2
2024-12-25,ITO,258.4,154.2,206.0,39.1,21.8,3.32,8.8,42.2,7.3,0.0,6.9,12,2,0,2
2024-12-26,ITO,430.3,245.1,373.8,70.6,32.1,5.81,10.1,51.9,1.7,0.0,4.6,12,3,0,2
2024-12-27,Rohini,285.0,143.6,252.3,55.5,21.6,2.25,10.4,56.9,4.8,0.0,6.2,12,4,0,2
2024-12-28,Rohini,412.2,218.0,339.2,73.8,35.3,5.28,9.3,35.2,1.3,0.0,4.7,12,5,1,2
2024-12-29,Anand Vihar,312.5,182.1,271.3,61.5,22.8,4.12,8.4,35.4,3.5,0.0,6.4,12,6,1,2
2024-12-30,Noida,424.4,226.8,352.4,76.3,32.9,4.35,12.0,48.5,2.1,2.1,5.2,12,0,0,2
